,locs0,locs1,subject
0,-2.3608198,-0.8439492,0
1,-2.6975427,-0.84307706,1
2,-2.3059888,-1.151291,2
3,-2.2182517,-0.85697633,3
4,-2.9708166,-1.1558373,4
5,-3.2902858,-0.43012774,5
6,-2.898509,0.14560878,6
7,-2.0630558,-0.50009316,0
8,-2.5014434,-1.0473579,1
9,-2.2860906,-1.2049558,2
10,-2.749711,-1.0767897,3
11,-2.7093651,-2.2729306,4
12,-2.5563993,-0.5674605,5
13,-3.757438,-2.5528774,6
14,-2.5811453,-0.5625031,0
15,-1.940638,-0.8825828,1
16,-2.5644152,-1.2655826,2
17,-1.9619826,-2.1012642,3
18,-2.5523639,-1.6504326,4
19,-3.0294738,-0.94712913,5
20,-3.7598186,-2.3686182,6
21,-2.3581605,-0.31096947,0
22,-2.54398,-0.91868865,1
23,-2.046873,-0.90783083,2
24,-2.448801,-1.1117185,3
25,-3.0758545,-1.1289773,4
26,-2.5923088,-1.9648134,5
27,-3.47856,-0.7358906,6
28,-2.3943121,-0.99924517,0
29,-2.4032805,-0.726989,1
30,-2.9231102,-1.60629,2
31,-2.787125,-0.95801455,3
32,-2.7569063,-1.467599,4
33,-2.458093,-2.557917,5
34,-3.2800772,-0.9540629,6
35,-1.8806267,-0.2825015,0
36,-2.6457114,-0.7038723,1
37,-2.9424338,-1.4300369,2
38,-1.9257399,-1.063516,3
39,-3.052114,-1.4175849,4
40,-2.775655,-1.817883,5
41,-3.699256,-1.107264,6
42,-2.0415862,-0.33494028,0
43,-2.5251944,-1.1595763,1
44,-2.4394178,-1.2695017,2
45,-2.8179088,-1.0645435,3
46,-2.7481117,-0.22685409,4
47,-3.2091846,-0.73622954,5
48,-3.4945755,-1.1999247,6
49,-2.4552934,-0.8334876,0
50,-2.6291292,-0.8167235,1
51,-2.5899909,-1.182319,2
52,-1.6050589,-0.31427246,3
53,-2.1670992,-2.302009,4
54,-3.0111294,-0.588714,5
55,-3.0456798,-1.153393,6
56,-2.5091455,-0.8460743,0
57,-3.0238976,-1.3284618,1
58,-2.467986,-1.1186186,2
59,-2.3725092,-0.6853699,3
60,-2.3801908,-0.91150916,4
61,-2.0918772,-1.9643888,5
62,-3.1807728,-1.0688995,6
63,-2.1849267,-1.0189153,0
64,-2.385184,-0.64758545,1
65,-2.1751173,-1.396785,2
66,-2.7566154,-1.9428048,3
67,-3.0579627,-1.203118,4
68,-2.5915022,-1.181178,5
69,-3.3081195,-0.37533617,6
70,-1.7554597,-0.56019104,0
71,-2.5424778,-1.5501204,1
72,-2.425844,-1.0317446,2
73,-2.7373397,-0.13712347,3
74,-2.6708727,-1.6349194,4
75,-2.7399895,-1.1630198,5
76,-2.8775558,-0.98273396,6
77,-2.4298944,-0.8571274,0
78,-2.5939791,-0.4616077,1
79,-2.433175,-0.86789757,2
80,-2.7204163,-0.8807568,3
81,-3.2039807,-0.85399467,4
82,-2.9247298,-1.5152998,5
83,-2.969485,-1.4497212,6
84,-1.8629879,0.2745437,0
85,-2.7755132,-0.9939254,1
86,-2.4487402,-0.85688806,2
87,-2.3833475,-0.91712356,3
88,-2.6209192,-2.2330832,4
89,-3.007807,-1.8377802,5
90,-3.436883,-0.83262324,6
91,-2.3018465,-0.36063322,0
92,-1.8488132,-0.42038196,1
93,-2.467822,-1.2699796,2
94,-2.978691,-0.70538527,3
95,-2.8076987,-1.5472353,4
96,-3.2255285,-1.0272704,5
97,-3.5201461,-2.6612768,6
98,-2.4242165,-0.12440854,0
99,-3.1002579,-1.4472228,1
100,-2.2899256,-1.5511744,2
101,-2.348072,-0.6801484,3
102,-2.5239542,-1.7500938,4
103,-2.9415066,-1.4036263,5
104,-2.915201,-0.1856901,6
105,-2.401256,-0.6170531,0
106,-2.8376818,-1.206648,1
107,-2.2468805,-0.9139873,2
108,-2.5657544,0.25439477,3
109,-2.9899817,-0.9627699,4
110,-3.4362607,-0.9297795,5
111,-2.9360175,-1.2193183,6
112,-2.012708,-0.038529277,0
113,-2.6464298,-0.5226197,1
114,-2.3769755,-1.2795895,2
115,-2.4478807,-0.9548378,3
116,-2.8146517,-1.4718702,4
117,-2.669357,-1.8538,5
118,-3.196221,-1.9254978,6
119,-2.1037333,-0.9721495,0
120,-2.4930348,-0.25731444,1
121,-2.6505618,-1.3553071,2
122,-3.0006356,-0.3501644,3
123,-2.5846338,-1.5363414,4
124,-2.246176,-1.1528947,5
125,-3.5347497,-1.133298,6
126,-2.4660697,-0.48150903,0
127,-2.5314555,-1.2908646,1
128,-2.8896873,-1.3218551,2
129,-1.8338599,-1.2142985,3
130,-2.704917,-1.349796,4
131,-3.0822453,-1.3792769,5
132,-3.3748221,-1.98559,6
133,-1.885065,-0.23202586,0
134,-2.42833,-0.27171725,1
135,-2.2874417,-0.9278756,2
136,-2.4390821,-0.28351825,3
137,-2.415081,-1.2817018,4
138,-3.325416,-1.0001285,5
139,-3.2796528,-2.494965,6
140,-1.7944106,0.20541048,0
141,-2.3443444,-0.47651958,1
142,-2.5851068,-1.3411915,2
143,-1.9353309,-1.1467923,3
144,-2.731132,-1.3357798,4
145,-2.9259145,-1.5126905,5
146,-3.1578205,-1.3289604,6
147,-2.1580646,-0.31510112,0
148,-2.5478942,-1.1157867,1
149,-2.763924,-1.5141716,2
150,-2.3146858,-1.7045226,3
151,-2.5410993,-0.68202484,4
152,-3.591359,-0.38913012,5
153,-2.8904998,-1.5104026,6
154,-2.3951175,-0.2908104,0
155,-2.6817267,-0.71878654,1
156,-2.4848309,-1.1113793,2
157,-2.5713077,-1.0012397,3
158,-2.8908422,-0.54768807,4
159,-2.212005,-2.2617922,5
160,-2.749351,-1.5612683,6
161,-2.583753,-1.1572536,0
162,-2.2530632,-1.2060324,1
163,-2.3880188,-1.4113328,2
164,-2.1295247,-1.0559609,3
165,-3.6921134,-0.47473276,4
166,-2.6527057,-1.0876439,5
167,-3.3242786,-1.8642191,6
168,-2.1583912,-0.87116516,0
169,-2.646163,-1.2640014,1
170,-2.8123548,-1.1652753,2
171,-2.6705205,-0.8019807,3
172,-2.8305507,-0.91982436,4
173,-3.5981534,-0.443254,5
174,-2.454012,-1.0943983,6
175,-2.356721,-1.4139652,0
176,-2.7185507,-1.1796558,1
177,-2.4753718,-1.8334394,2
178,-2.6829545,-1.5166969,3
179,-3.1648173,-0.6233976,4
180,-3.023281,-1.3996507,5
181,-2.7984216,-0.7138543,6
182,-2.536866,-0.46403912,0
183,-3.045321,-0.5397791,1
184,-2.3756604,-0.9030429,2
185,-2.3597999,-0.26525337,3
186,-2.5578117,-0.76986295,4
187,-2.7464468,-1.794317,5
188,-2.7442923,-0.2610836,6
189,-2.316056,-1.2137303,0
190,-2.8570583,-0.58795977,1
191,-2.3894987,-0.84475803,2
192,-1.7444556,-2.2495751,3
193,-2.8129203,-1.6879038,4
194,-3.0355284,-1.3850892,5
195,-3.2796712,-1.9722899,6
196,-2.6804996,-1.2941353,0
197,-2.5622497,-0.68644035,1
198,-2.220886,-1.1994262,2
199,-2.1331258,-1.1037157,3
200,-3.2934763,0.02366376,4
201,-2.5178716,-1.5100099,5
202,-2.660558,-0.94454616,6
203,-2.7799137,-1.1682779,0
204,-2.372691,-0.83814234,1
205,-2.0495708,-0.52724,2
206,-2.7039428,-1.483123,3
207,-2.779493,-0.6569862,4
208,-2.4547813,-2.0229473,5
209,-3.5332088,-2.5658238,6
210,-2.4853785,-0.7508594,0
211,-2.9760654,-0.40556502,1
212,-2.1577554,-1.4733436,2
213,-1.8001537,-0.6461045,3
214,-2.6753256,-1.0566696,4
215,-2.572154,-1.4141454,5
216,-2.9993134,-0.6699755,6
217,-2.2751124,-0.6897182,0
218,-3.0432823,-1.6866422,1
219,-2.738225,-1.4067765,2
220,-2.8640404,-0.6722418,3
221,-2.814369,-1.4900199,4
222,-3.193508,-0.09522438,5
223,-2.5649145,-0.17025334,6
224,-2.0644362,-0.5630041,0
225,-2.6368916,-0.86525875,1
226,-2.8068385,-1.3127142,2
227,-2.005838,-1.0312974,3
228,-2.1986802,-1.5750387,4
229,-2.5844755,-1.4528883,5
230,-3.3551495,-1.15372,6
231,-2.8915164,-1.389237,0
232,-2.586642,-0.41349694,1
233,-2.5114772,-1.0703778,2
234,-1.6449132,-0.21688402,3
235,-3.2171721,-0.7687973,4
236,-3.108741,-0.96912795,5
237,-3.6469393,-1.5466349,6
238,-2.3983235,0.13463318,0
239,-2.7157176,-0.6544644,1
240,-2.570183,-1.3664231,2
241,-1.422136,-1.1959499,3
242,-2.8630705,-0.7747899,4
243,-2.886646,-1.3480515,5
244,-3.7378714,-2.303318,6
245,-2.1608863,-0.5788321,0
246,-2.8874433,-0.72128487,1
247,-2.3456368,-1.2257317,2
248,-2.7340288,-1.9549292,3
249,-3.0305002,-0.69444054,4
250,-2.821126,-0.8975339,5
251,-3.409281,-2.2000513,6
252,-2.146183,-0.039349765,0
253,-2.7594187,-1.2211702,1
254,-2.6448386,-1.3262097,2
255,-2.4884093,-1.4465685,3
256,-2.6888225,-1.3427075,4
257,-2.4950724,-1.9725597,5
258,-3.4933488,-0.68461144,6
259,-2.086168,0.09392053,0
260,-2.0335655,-0.56921846,1
261,-2.061807,-0.89919657,2
262,-2.5858724,-1.154701,3
263,-3.0226352,-1.266721,4
264,-3.0769513,-1.8398566,5
265,-3.7235787,-1.000455,6
266,-2.0701656,-0.4271028,0
267,-2.2882583,-0.7289089,1
268,-2.8958166,-1.4522853,2
269,-2.1874933,-0.96548104,3
270,-2.7027612,-1.771781,4
271,-2.5695415,-1.840988,5
272,-3.265391,-1.6999571,6
273,-2.2186692,-0.5824044,0
274,-2.9398623,-1.212072,1
275,-2.4878352,-1.2134355,2
276,-1.8932986,-0.64813626,3
277,-3.5400724,-0.46470165,4
278,-3.0277872,-1.6981453,5
279,-3.0114071,-0.26811445,6
280,-2.1076295,-0.5573503,0
281,-3.1598072,-1.026374,1
282,-2.3705595,-0.9868477,2
283,-2.3530705,-1.5938306,3
284,-3.61502,0.14675093,4
285,-3.1171489,-0.8648772,5
286,-3.0226972,-1.3185794,6
287,-2.3794405,-0.78587645,0
288,-2.5051687,-0.43746737,1
289,-2.4071753,-1.109442,2
290,-2.747577,-0.5655117,3
291,-2.5346856,-1.5708034,4
292,-3.0195918,-0.66787994,5
293,-3.098284,-1.4101236,6
294,-2.1559572,-0.6006978,0
295,-2.6929023,-0.3694741,1
296,-2.4490829,-1.0048342,2
297,-2.1275856,-2.1786137,3
298,-2.4906788,-1.5314616,4
299,-2.6088238,-2.2371838,5
300,-3.6446319,-1.0105525,6
301,-2.0568738,-0.2478227,0
302,-2.7416058,-0.8223604,1
303,-1.7212918,-0.8408138,2
304,-2.2748299,-0.43735725,3
305,-2.6713092,-0.85024345,4
306,-2.9714758,-0.32745486,5
307,-3.367325,-0.8275903,6
308,-2.084076,-0.73845637,0
309,-2.6502688,-1.0890195,1
310,-2.1701975,-1.2784438,2
311,-2.5320017,-0.99521166,3
312,-2.3828268,-1.6468029,4
313,-2.922682,-1.4089676,5
314,-2.724145,-0.9687393,6
315,-2.0493083,-0.3034011,0
316,-2.295818,-1.2035491,1
317,-2.7363605,-1.2186221,2
318,-2.2768319,-0.76874465,3
319,-2.8485107,-0.31215638,4
320,-2.9026785,-1.099989,5
321,-3.1749058,-1.1707141,6
322,-2.6966825,-1.5545826,0
323,-2.7056262,-1.246082,1
324,-2.411789,-1.1692581,2
325,-2.3626287,-0.7908935,3
326,-2.657185,-1.4850527,4
327,-3.2729256,-1.1208997,5
328,-3.1217525,-0.09976292,6
329,-2.4862196,-1.2416732,0
330,-3.0933783,-0.42602324,1
331,-2.4442313,-1.1175132,2
332,-2.4065723,-0.40034115,3
333,-2.7134457,-0.63523716,4
334,-2.7693079,-0.90605414,5
335,-3.4674373,-1.0029541,6
336,-2.3477085,-0.84955794,0
337,-2.3899024,-1.0797904,1
338,-2.2430851,-1.065293,2
339,-1.9334465,-0.059375525,3
340,-2.8228903,-0.80271757,4
341,-2.6248686,-2.2500463,5
342,-3.8771653,-1.3739002,6
343,-1.9775182,-0.56164163,0
344,-2.6348727,-0.45827,1
345,-2.2113082,-1.1003513,2
346,-2.1553035,-0.50438815,3
347,-3.0927513,-0.31917518,4
348,-2.9408767,-1.5348494,5
349,-3.0329382,-1.1281601,6
350,-2.4395187,-0.97078216,0
351,-2.5266085,-1.1400989,1
352,-2.380467,-1.0245811,2
353,-2.431759,-1.8398018,3
354,-2.964223,-1.3471591,4
355,-2.842417,-0.8620801,5
356,-3.4342852,-1.2625867,6
357,-2.2088315,-1.067703,0
358,-2.5883067,-1.0630612,1
359,-2.4071636,-1.0336024,2
360,-2.1220388,-1.1180487,3
361,-2.2168164,-1.2957458,4
362,-3.2915196,-0.96643686,5
363,-3.0391948,-0.99926114,6
364,-2.196176,-0.8445403,0
365,-2.2955627,-0.4057866,1
366,-2.271955,-1.2398465,2
367,-2.6354718,-0.90790504,3
368,-2.7885578,-1.2439997,4
369,-3.3231769,-1.0603341,5
370,-3.3064547,-0.59900457,6
371,-2.3936696,-1.1927683,0
372,-2.8481233,-0.69967234,1
373,-2.6443858,-1.2118315,2
374,-2.1467483,-0.38957834,3
375,-3.1092076,-0.5539721,4
376,-2.8913572,-0.44738358,5
377,-2.7046034,-1.4141278,6
378,-2.5892363,-1.1024926,0
379,-2.6719215,-0.9304442,1
380,-2.3253033,-0.7992482,2
381,-2.342348,-1.1192727,3
382,-2.5201774,-1.5150733,4
383,-2.8355253,-2.2543125,5
384,-2.9943237,-1.4481456,6
385,-2.4936976,-1.132823,0
386,-2.9386165,-1.5408528,1
387,-2.300992,-1.0452844,2
388,-2.4607382,-1.0732391,3
389,-2.2977562,-1.2945733,4
390,-2.3175943,-1.4581422,5
391,-3.806561,-1.3124534,6
392,-1.8486521,-0.20620248,0
393,-2.055316,-0.8736026,1
394,-2.182719,-1.4108188,2
395,-2.1295311,-0.8756177,3
396,-2.7154884,-0.5158781,4
397,-2.3364615,-1.1634309,5
398,-3.691583,-0.74102324,6
399,-2.1078799,-0.37942785,0
400,-2.3183804,-0.5685781,1
401,-2.557022,-1.3351654,2
402,-3.040042,-0.7441607,3
403,-2.9364371,-0.8332963,4
404,-2.5599344,-1.8408651,5
405,-3.014472,-1.8742512,6
406,-1.8552434,-0.6831394,0
407,-2.7036839,-0.568513,1
408,-2.7072608,-1.3809216,2
409,-2.6129224,-2.1008024,3
410,-3.023757,-1.4808625,4
411,-2.8518362,-0.7769068,5
412,-2.9545875,-1.1204661,6
413,-2.3992178,-0.7632165,0
414,-2.791666,-1.1728971,1
415,-2.9379122,-1.5337043,2
416,-1.7056276,-1.0061103,3
417,-2.67886,-1.891306,4
418,-2.8822339,-1.577148,5
419,-2.794656,-0.4454316,6
420,-2.1102197,-0.44504544,0
421,-2.45906,-0.7548785,1
422,-2.3458033,-1.0682454,2
423,-1.9201407,-0.7263463,3
424,-3.413004,-0.6667066,4
425,-3.236902,-0.60939264,5
426,-4.06547,-2.1754909,6
427,-1.9527411,-0.21542501,0
428,-2.4080188,-0.73621726,1
429,-2.6536686,-1.5183437,2
430,-3.1900904,-0.71080154,3
431,-2.9234376,-1.1492852,4
432,-3.249077,-1.2312095,5
433,-4.088562,-1.956346,6
434,-2.0085092,-0.9742766,0
435,-2.5751615,-0.3749643,1
436,-2.6338902,-1.1967256,2
437,-1.928127,-0.08791351,3
438,-2.4902792,-2.8382053,4
439,-3.3870854,-1.0460868,5
440,-3.5336168,-1.1622041,6
441,-2.8102777,-0.94152707,0
442,-2.7936926,-1.1627994,1
443,-2.3763022,-1.0996611,2
444,-2.0071476,-1.4098766,3
445,-2.9799395,-1.412062,4
446,-2.240634,-2.5293157,5
447,-3.0319457,-0.86259085,6
448,-2.4778545,-0.48260704,0
449,-2.6461494,-1.3392413,1
450,-2.4461193,-1.6564882,2
451,-2.1445117,-0.9028838,3
452,-2.5750349,-2.2263162,4
453,-2.8334873,-1.5283022,5
454,-2.7476723,-0.6955724,6
455,-1.8669299,0.043909848,0
456,-2.7432487,-0.42013657,1
457,-2.503206,-0.77983665,2
458,-1.9125447,-1.3883126,3
459,-2.7185915,-1.9496969,4
460,-2.9975784,-1.1784222,5
461,-3.176694,-0.93468314,6
462,-1.7595358,-0.3200622,0
463,-2.9912162,-1.1844841,1
464,-2.7247574,-1.2190899,2
465,-2.564706,-1.4517002,3
466,-2.892179,-1.295077,4
467,-2.7474978,-1.4230791,5
468,-3.3373191,-1.2659754,6
469,-3.0145297,-1.7048488,0
470,-2.5513105,-0.94220126,1
471,-2.5181723,-1.5089132,2
472,-2.5865676,-1.8930033,3
473,-2.5126653,-1.7222309,4
474,-3.150707,-0.8945254,5
475,-3.1165175,-1.6568527,6
476,-2.2302384,-0.25693744,0
477,-2.4620004,-1.08956,1
478,-2.74046,-1.3199103,2
479,-2.013053,-1.5721502,3
480,-2.9800544,-1.2796316,4
481,-2.9254532,-0.6874652,5
482,-3.090674,-0.56515557,6
483,-2.1468415,-0.504222,0
484,-2.2521915,-1.3807683,1
485,-2.381628,-1.3261058,2
486,-2.5437355,-1.0943923,3
487,-3.0954497,-1.2323242,4
488,-2.9038832,-1.8683678,5
489,-3.2716951,-0.8641062,6
490,-2.1425998,-0.67318565,0
491,-2.560021,-1.2486868,1
492,-2.2777514,-1.0674354,2
493,-2.3426297,-0.8677356,3
494,-3.0785859,-1.4295832,4
495,-2.8261082,-0.931093,5
496,-3.3304455,-1.4061188,6
497,-2.5991561,-0.8926764,0
498,-2.5654428,-0.85207224,1
499,-2.6342354,-0.9783281,2
500,-2.3460944,-0.6975877,3
501,-3.6026442,-1.3724968,4
502,-3.0018737,-1.1427084,5
503,-3.4842286,0.04886484,6
504,-1.9421763,-0.25905028,0
505,-2.9894397,-1.0148418,1
506,-2.6306355,-1.1572386,2
507,-2.0730608,-1.6463416,3
508,-2.3004289,-1.5396663,4
509,-2.6782773,-1.1757668,5
510,-2.7520907,-1.2770808,6
511,-1.9409623,-0.5328741,0
512,-2.2280397,-0.7480204,1
513,-2.4309978,-1.2139535,2
514,-2.5845222,-0.68684417,3
515,-2.5607789,-1.6668497,4
516,-2.9344053,-0.2712394,5
517,-3.50313,-2.0488734,6
518,-1.9602621,0.12703669,0
519,-2.488343,-1.3238,1
520,-1.9899268,-1.1143792,2
521,-3.4234731,-0.4461378,3
522,-3.1718829,-0.4460137,4
523,-3.3441129,-1.206422,5
524,-3.2653263,-1.6625707,6
525,-1.8496822,-0.038175642,0
526,-2.171993,-0.65449,1
527,-2.3846273,-1.1523254,2
528,-2.1662328,-0.321033,3
529,-3.2353282,-1.0141107,4
530,-2.2731595,-1.6536522,5
531,-3.9190638,-1.1641617,6
532,-2.5511541,-0.9049181,0
533,-2.4424562,-0.4674527,1
534,-2.5586119,-1.2282562,2
535,-2.654063,-1.4645556,3
536,-2.980247,-1.675766,4
537,-2.7243364,-1.8401866,5
538,-3.2054667,-0.5737353,6
539,-1.5836462,0.018671751,0
540,-2.4164526,-1.4863753,1
541,-2.2538733,-1.0511372,2
542,-2.3770545,-0.47880915,3
543,-2.996976,-0.35761166,4
544,-3.3322124,-0.37995064,5
545,-2.8744574,-1.295322,6
546,-2.2871873,-0.9422271,0
547,-2.2525625,-0.65183926,1
548,-2.628178,-1.3999724,2
549,-2.566665,-1.3994539,3
550,-2.670548,-1.601815,4
551,-2.3384063,-2.7086754,5
552,-3.2807457,-2.5406265,6
553,-2.0721388,-0.2264804,0
554,-2.8202138,-0.9410392,1
555,-3.1215804,-1.5676308,2
556,-2.4303186,-0.75610936,3
557,-3.2180328,-1.2634838,4
558,-2.5768611,-2.1291845,5
559,-3.7428901,-1.2821622,6
560,-1.5165248,-0.0009836555,0
561,-2.9280584,-0.66705537,1
562,-2.6529794,-1.1349627,2
563,-2.095445,-1.1453036,3
564,-2.5676107,-1.7699815,4
565,-2.6560323,-0.4541235,5
566,-4.04863,-0.79959106,6
567,-1.4589996,0.2971673,0
568,-2.552787,-0.3966403,1
569,-2.5001667,-1.2760607,2
570,-2.654932,-0.53424394,3
571,-2.151028,-1.152584,4
572,-2.83154,-2.2731388,5
573,-3.3835468,-0.5828662,6
574,-2.2697716,-1.0279799,0
575,-2.9459047,-0.7379178,1
576,-2.1366122,-1.3333027,2
577,-2.2485185,-0.8035414,3
578,-2.9226737,-1.322823,4
579,-2.2396376,-0.0705024,5
580,-2.871488,-0.57381415,6
581,-2.1362193,-0.91417646,0
582,-2.2877533,0.046245635,1
583,-2.3274572,-1.2141701,2
584,-1.6838337,-0.8951215,3
585,-2.9080813,-1.3321531,4
586,-2.6441867,-2.1656523,5
587,-3.0405984,-1.0444281,6
588,-2.5104263,-0.87819546,0
589,-2.5986285,-0.3525179,1
590,-2.7364545,-1.5209678,2
591,-2.3658404,-0.5223356,3
592,-2.8890584,-0.7083911,4
593,-3.0102267,-1.4977063,5
594,-3.3599803,-1.1682711,6
595,-2.5338879,-0.9386433,0
596,-2.641556,-0.8832839,1
597,-2.5942845,-1.2149566,2
598,-2.4632955,-0.78339505,3
599,-3.0142107,-0.44649124,4
600,-2.4409077,-0.61527437,5
601,-2.9845057,-1.0896565,6
602,-1.6185925,0.14266574,0
603,-3.0079715,-0.8611232,1
604,-2.2137256,-1.2518674,2
605,-2.1331377,-0.8296022,3
606,-2.4567726,-1.6315866,4
607,-2.6254787,-1.6375084,5
608,-3.3537443,-1.7487335,6
609,-2.813878,-0.5817964,0
610,-2.642738,-0.8933547,1
611,-2.6825688,-1.3600582,2
612,-2.663538,-0.59634435,3
613,-3.5941715,-0.1891241,4
614,-2.5860898,-1.3817378,5
615,-2.7849793,-0.98400366,6
616,-1.5163829,0.005829811,0
617,-2.651867,-1.5718601,1
618,-2.376894,-1.0971966,2
619,-2.2968779,-1.1099287,3
620,-2.890108,-1.5546584,4
621,-2.678893,-1.2287452,5
622,-2.6810718,-0.52335477,6
623,-2.186062,-0.34377262,0
624,-2.8816385,-0.6557561,1
625,-2.652491,-1.3831048,2
626,-2.5335324,0.23797655,3
627,-3.160598,-0.9773802,4
628,-3.1590009,-1.2324697,5
629,-3.8794312,-2.2407885,6
630,-2.3081725,-0.6880615,0
631,-2.6408396,-0.65599024,1
632,-2.5335138,-1.067884,2
633,-2.6315863,0.8167337,3
634,-2.796451,-1.9092892,4
635,-2.8332546,-0.7367383,5
636,-3.0839663,-1.6848514,6
637,-1.9866099,-0.6811092,0
638,-2.8105102,-1.3680085,1
639,-2.2971256,-1.4033291,2
640,-2.2557855,-1.332273,3
641,-2.967207,-0.8144241,4
642,-2.3971539,-1.1268038,5
643,-3.367775,-1.404613,6
644,-2.782425,-0.6984262,0
645,-2.765053,-0.7069488,1
646,-2.202634,-0.76679623,2
647,-2.5161324,-0.02947104,3
648,-2.5159519,-1.0722511,4
649,-2.523059,-2.0830607,5
650,-3.4885263,-1.404417,6
651,-2.203102,-0.23690936,0
652,-2.2180212,-0.29047745,1
653,-2.0805943,-0.89484787,2
654,-2.0145912,-0.81545085,3
655,-2.7103894,-1.5014758,4
656,-2.7800083,-1.2233926,5
657,-3.1736927,-0.66933906,6
658,-2.0022683,-0.21037173,0
659,-2.3284457,-0.6534177,1
660,-2.7887726,-1.4342616,2
661,-2.0904267,-0.74077857,3
662,-2.7406812,-0.77912074,4
663,-3.1069756,-0.9684315,5
664,-3.6422656,-1.9843352,6
665,-1.9537535,-0.2459414,0
666,-2.5044641,-0.9517843,1
667,-2.562046,-0.900795,2
668,-1.7408233,-1.8836633,3
669,-3.0979667,-1.8819089,4
670,-2.8725529,-1.3923544,5
671,-2.6705818,-1.2328509,6
672,-2.5047007,-0.6666398,0
673,-2.3813248,-0.9164014,1
674,-2.4756336,-0.79615104,2
675,-2.9281256,-0.6924685,3
676,-3.2559443,-0.96824193,4
677,-3.2059639,-0.8910078,5
678,-2.8332813,-0.851105,6
679,-2.1936026,-0.13497582,0
680,-2.3843753,-0.8681567,1
681,-2.3142254,-1.1516895,2
682,-2.5569892,-0.34193856,3
683,-2.3691936,-1.4155475,4
684,-2.7237754,-1.5064605,5
685,-3.4725263,-1.5013664,6
686,-2.0041618,-0.0050575137,0
687,-2.171265,-1.1976242,1
688,-2.564347,-0.98403054,2
689,-2.475887,-0.30179238,3
690,-2.9820352,-0.97366464,4
691,-2.6187537,-1.9194553,5
692,-2.5990806,-0.30071545,6
693,-1.6809286,-0.9164455,0
694,-2.1486356,-0.9104738,1
695,-2.4938931,-0.8901167,2
696,-2.2621188,-0.8880406,3
697,-2.0682564,-1.9171715,4
698,-3.1153176,-0.523912,5
699,-3.3298392,-1.7878697,6
700,-2.3023064,-0.10700467,0
701,-2.6934881,-1.3136029,1
702,-2.4348638,-0.9470967,2
703,-2.0803287,-1.9935912,3
704,-2.3306885,-1.9022108,4
705,-2.4619384,-0.9739719,5
706,-3.813524,-1.8321927,6
707,-1.983577,-0.41038352,0
708,-2.8225958,-0.76710546,1
709,-2.8583088,-1.4208808,2
710,-2.1381974,-0.37222403,3
711,-2.56711,-2.0087752,4
712,-2.8287442,-1.2900702,5
713,-2.8683736,0.09118533,6
714,-2.233312,-0.52675736,0
715,-2.5756702,-0.7056985,1
716,-2.1271117,-0.7630569,2
717,-3.0292606,-0.15003741,3
718,-2.359992,-1.6885037,4
719,-3.5415235,-1.7503586,5
720,-3.1144695,-1.0649713,6
721,-2.1154342,0.44958335,0
722,-2.5000083,-1.104728,1
723,-2.574811,-0.9217318,2
724,-1.5619003,-1.0054988,3
725,-2.3826807,-1.1777413,4
726,-2.7895987,-1.7785076,5
727,-2.684482,0.25825346,6
728,-2.7740672,-1.8208313,0
729,-2.6601562,-0.20800686,1
730,-2.405249,-1.2704406,2
731,-2.5025015,-1.2044086,3
732,-2.7985885,-1.494608,4
733,-3.0425947,-1.3774321,5
734,-3.3523588,-2.428553,6
735,-1.979583,-0.5699059,0
736,-2.652123,-0.7473348,1
737,-2.3121653,-1.0399331,2
738,-2.32271,-0.6641567,3
739,-2.3151882,-2.3201036,4
740,-3.166253,-1.0784322,5
741,-3.059283,-0.7436707,6
742,-2.228166,-1.0821738,0
743,-2.6393802,-1.5150741,1
744,-2.493479,-1.2851031,2
745,-3.279808,-2.0805223,3
746,-2.9878309,-0.6723253,4
747,-3.0918372,-0.64571655,5
748,-3.3566577,-0.46010387,6
749,-1.7118733,-0.3593871,0
750,-2.492173,-0.92958206,1
751,-2.625976,-1.4,2
752,-2.309226,-0.4235174,3
753,-2.5107005,-1.9023137,4
754,-2.5024452,-1.9275988,5
755,-3.22751,-0.28012776,6
756,-2.3522182,-0.96526706,0
757,-3.1900368,-0.8152076,1
758,-2.5371397,-1.2268852,2
759,-2.8114343,-1.5261407,3
760,-2.8472874,-1.7705137,4
761,-2.9180849,-1.7413718,5
762,-3.1392303,-0.16642004,6
763,-2.2192044,-0.67454994,0
764,-2.287426,-0.41318604,1
765,-2.4809127,-1.150049,2
766,-2.558291,-0.35839653,3
767,-2.4444144,-1.5845834,4
768,-2.5973778,-0.32516026,5
769,-3.2881386,-1.6232668,6
770,-2.3828337,-0.6858685,0
771,-2.6808121,-1.3782738,1
772,-2.634704,-1.2352018,2
773,-1.677348,-1.132631,3
774,-3.318854,-0.8960939,4
775,-2.222702,-1.1937783,5
776,-3.4212012,0.16517234,6
777,-2.2706964,-0.18504673,0
778,-2.7725499,-1.0583099,1
779,-2.3500314,-1.0281633,2
780,-2.192142,-1.2247189,3
781,-2.386018,-1.332312,4
782,-3.4721398,-1.3389595,5
783,-3.2999918,-1.9571092,6
784,-2.387931,-0.3682238,0
785,-2.223376,-0.6689938,1
786,-2.37997,-1.3109294,2
787,-2.4672325,-0.4271323,3
788,-3.0675652,-1.1937916,4
789,-3.1079302,-0.46919286,5
790,-3.0809314,0.2284956,6
791,-1.6402636,-0.19013989,0
792,-2.509041,-0.66297644,1
793,-2.6946473,-1.4660971,2
794,-2.8162594,-1.7938256,3
795,-2.4440827,-1.515477,4
796,-2.1829343,-2.6854243,5
797,-3.4068322,-1.851856,6
798,-1.5964911,-0.15187275,0
799,-2.508181,-0.82023954,1
800,-3.003025,-1.4841881,2
801,-2.2320719,-0.9849527,3
802,-2.5385542,-1.7865422,4
803,-2.4924674,-1.5708348,5
804,-3.3265362,-0.6235979,6
805,-2.1549745,-0.029128969,0
806,-2.8593488,-0.46907726,1
807,-2.2906964,-0.9198371,2
808,-1.845003,-1.015881,3
809,-2.3461595,-2.348585,4
810,-3.1555214,-1.0966386,5
811,-3.6034613,-0.046673894,6
812,-2.3490145,-1.2816468,0
813,-2.3920746,-0.89329666,1
814,-2.342131,-0.888831,2
815,-1.8696421,-0.3020118,3
816,-2.8869512,-1.7529408,4
817,-2.6857588,-0.78194904,5
818,-3.2604315,-1.4081229,6
819,-1.7850555,0.052144587,0
820,-2.7833676,-0.86470914,1
821,-2.4781065,-1.3545569,2
822,-2.7911124,-0.52931535,3
823,-2.9779983,-1.1940575,4
824,-2.9714506,-0.6465878,5
825,-3.3891354,-1.5112312,6
826,-1.9762752,-0.46783468,0
827,-2.2447731,-0.57577413,1
828,-2.4415195,-1.489207,2
829,-2.9538732,-0.82287496,3
830,-2.461968,-0.11298728,4
831,-2.7457047,-1.4268862,5
832,-3.7684605,-1.3291295,6
833,-1.5509713,-0.40136775,0
834,-2.7083483,-1.2440133,1
835,-2.6126807,-0.94491464,2
836,-2.1302528,-1.3620838,3
837,-2.574073,-1.619479,4
838,-2.9707623,-1.1251348,5
839,-3.2340922,-1.0493363,6
840,-2.1126766,-0.3843939,0
841,-2.5011406,-0.5567589,1
842,-2.520918,-1.573703,2
843,-2.661095,-0.58926195,3
844,-2.922859,-1.1570501,4
845,-3.3157377,-1.2261086,5
846,-3.4475527,-1.323628,6
847,-1.9930931,-0.39536202,0
848,-2.8113465,-1.3263748,1
849,-2.6303701,-1.1972615,2
850,-2.3667521,-1.3108376,3
851,-3.0756605,-0.9556642,4
852,-2.834672,-1.4808241,5
853,-3.319324,-1.2993287,6
854,-2.1126857,-0.29011196,0
855,-3.0989566,-1.29532,1
856,-2.4437642,-0.9881212,2
857,-2.5726957,-0.30637413,3
858,-2.5854547,-1.6602877,4
859,-3.0241578,-1.580355,5
860,-2.868002,0.11132264,6
861,-1.8927343,-0.77352965,0
862,-2.7328694,-0.98983943,1
863,-2.726472,-1.376887,2
864,-2.8172941,-1.9688654,3
865,-2.303658,-1.6361833,4
866,-2.9683242,-1.5595473,5
867,-3.3449905,-1.4354209,6
868,-2.0936193,-0.19960904,0
869,-2.6967094,-1.0581973,1
870,-2.1798382,-0.7196156,2
871,-2.5606883,-0.86846584,3
872,-2.2744303,-1.3859823,4
873,-2.8153498,-0.32009047,5
874,-3.1736946,-1.1025053,6
875,-1.3684216,0.9383591,0
876,-2.70718,-0.66203785,1
877,-2.6440907,-1.1728461,2
878,-2.682958,-0.33618373,3
879,-2.3660946,-1.9393919,4
880,-2.752332,-1.4617462,5
881,-2.652389,0.12699115,6
882,-1.9425848,-0.10987282,0
883,-2.9775932,-0.49464685,1
884,-2.1922395,-1.3302388,2
885,-2.5810666,-1.9543492,3
886,-2.609701,-1.4524946,4
887,-2.775589,-1.5797983,5
888,-3.3780453,-1.3600432,6
889,-2.1664855,-0.63383985,0
890,-2.6159484,-0.8475532,1
891,-2.9734936,-1.1212447,2
892,-3.012427,-1.0229018,3
893,-3.0411448,-0.51278263,4
894,-3.6894953,-0.821821,5
895,-2.7194,0.11983621,6
896,-2.6024091,-0.5328064,0
897,-2.1204548,-0.19073981,1
898,-2.191102,-1.0626023,2
899,-2.1445885,-0.74224263,3
900,-2.6402395,-1.8848543,4
901,-3.0321927,-0.96017927,5
902,-3.4334443,-1.5217307,6
903,-2.0834322,-0.52050763,0
904,-2.4395766,-1.1932924,1
905,-3.1461267,-1.2646785,2
906,-2.30876,-0.5788975,3
907,-3.180414,-0.82946193,4
908,-3.0593596,-1.4167341,5
909,-3.8347998,-1.84323,6
910,-2.1698818,-0.3837284,0
911,-2.7216628,-1.7849696,1
912,-2.5613885,-1.3281255,2
913,-2.5466652,-1.6903615,3
914,-3.3213081,-0.2202127,4
915,-3.0722208,-0.7866746,5
916,-3.349961,-2.2000346,6
917,-1.7247157,-0.16095397,0
918,-2.7283702,-1.0169406,1
919,-2.200398,-0.96236336,2
920,-2.7339654,-1.9090583,3
921,-3.4725034,-1.0420848,4
922,-2.7625928,-2.1814094,5
923,-3.243914,-0.6399764,6
924,-2.584946,-1.2396169,0
925,-2.6176908,-0.7616134,1
926,-2.4686906,-1.1037025,2
927,-2.4543056,-1.6024916,3
928,-2.1505172,-1.66863,4
929,-3.35791,-1.2517707,5
930,-2.9139576,-1.1920133,6
931,-2.1825979,-0.90277755,0
932,-3.0273948,-0.7983558,1
933,-2.333973,-1.6539227,2
934,-2.0788183,-0.8388668,3
935,-2.413846,-1.5524716,4
936,-3.1241899,-0.9578626,5
937,-3.3540154,-1.8942163,6
938,-2.1301312,-0.9366996,0
939,-2.4435613,-1.0657957,1
940,-2.4783914,-0.967427,2
941,-2.840733,-0.28162634,3
942,-3.3781462,-1.4259735,4
943,-2.8885586,-1.3571155,5
944,-3.6806262,-1.2402405,6
945,-2.3205452,-1.0267808,0
946,-3.1277628,-1.277633,1
947,-2.4834707,-0.80929804,2
948,-2.1466076,-1.048816,3
949,-3.248729,-0.4456923,4
950,-3.8392386,-0.4696796,5
951,-3.2131484,-0.4486612,6
952,-2.4264538,-0.11645937,0
953,-2.1801925,-0.5128174,1
954,-2.7553515,-1.2602748,2
955,-2.3156705,-0.69526255,3
956,-3.1962888,-0.625059,4
957,-2.7952244,-1.4958688,5
958,-3.8023238,-2.0043426,6
959,-2.016631,-0.26992452,0
960,-2.1610358,-0.59183145,1
961,-2.4036598,-1.2390053,2
962,-2.0357678,-1.1172264,3
963,-2.5643773,-1.5749635,4
964,-2.8821414,-0.59382194,5
965,-2.176868,-1.0232935,6
966,-2.013717,0.14234126,0
967,-2.5622263,-1.4468482,1
968,-2.64646,-1.1711768,2
969,-2.3907974,-2.0399885,3
970,-3.6062076,-0.6674679,4
971,-3.0628726,-1.6774442,5
972,-3.1933649,-1.5516706,6
973,-2.2201982,-0.832582,0
974,-2.2644918,-0.3099497,1
975,-2.6950169,-1.3394475,2
976,-3.0789325,-0.76599187,3
977,-2.7298074,-1.885554,4
978,-2.8488896,-1.6603863,5
979,-3.2695518,-1.3921773,6
980,-2.1415057,-0.14246443,0
981,-2.5780485,-0.97002816,1
982,-2.5177174,-1.3998573,2
983,-3.1409392,-1.1834223,3
984,-3.018685,0.09696245,4
985,-2.3790948,-1.3518134,5
986,-3.2041593,-1.2820449,6
987,-2.2748096,-0.5885567,0
988,-2.9759722,-1.2948663,1
989,-2.413117,-0.7895089,2
990,-2.5516486,-1.6341327,3
991,-2.7298384,-1.4532382,4
992,-2.5255618,-1.7676717,5
993,-3.1339023,-1.2728202,6
994,-2.1419446,-0.4386815,0
995,-2.8986378,-0.41030923,1
996,-2.23766,-1.057335,2
997,-2.5275846,-0.6860831,3
998,-2.8610454,-1.7216563,4
999,-3.2026958,-0.5718797,5
1000,-3.3525722,-0.6611328,6
1001,-2.0096235,-0.5170645,0
1002,-3.104801,-1.2312416,1
1003,-2.714358,-1.5615848,2
1004,-2.2876618,-1.6807874,3
1005,-2.4761689,-1.9782923,4
1006,-3.4823046,-1.324569,5
1007,-2.7842,-0.9977249,6
1008,-2.0071552,-0.15533978,0
1009,-3.0536804,-1.3929842,1
1010,-2.2936013,-1.2023171,2
1011,-2.8812366,-0.6382198,3
1012,-2.482113,-2.3631456,4
1013,-3.0666072,-1.7795047,5
1014,-3.4904287,-0.9335557,6
1015,-2.4867187,-0.5755217,0
1016,-2.5120788,-1.080859,1
1017,-2.3520482,-1.3980906,2
1018,-2.6204753,-0.6037717,3
1019,-2.8719654,-1.0492172,4
1020,-2.6753225,-1.4143363,5
1021,-3.9536896,-0.7048216,6
1022,-2.7820776,-1.3263505,0
1023,-2.9408662,-0.6161585,1
1024,-2.147851,-1.2340388,2
1025,-2.6578283,-0.98089695,3
1026,-2.918404,-2.1832914,4
1027,-2.8807087,-1.4825372,5
1028,-3.2101922,-1.0774812,6
1029,-1.7425364,-0.95255303,0
1030,-3.0217426,-1.5316045,1
1031,-2.5087504,-1.4119202,2
1032,-2.3173656,-1.1401186,3
1033,-2.8013499,-1.5496726,4
1034,-3.354588,-0.6383872,5
1035,-3.2690618,-0.9960928,6
1036,-2.125658,-0.7821245,0
1037,-2.36728,-0.17950654,1
1038,-2.4356837,-1.109593,2
1039,-2.804236,-0.9435558,3
1040,-3.1127536,-0.25704885,4
1041,-3.2432175,-1.8194729,5
1042,-3.2222207,-0.5976704,6
1043,-2.3395803,-0.96448076,0
1044,-2.5933447,-0.54691863,1
1045,-2.4799068,-1.3211318,2
1046,-2.7459855,-1.4386828,3
1047,-2.527072,-1.1464286,4
1048,-2.7565792,-0.7969213,5
1049,-3.4713097,-1.1007903,6
1050,-1.9592743,0.1806302,0
1051,-2.5396068,-0.68365943,1
1052,-2.4176812,-1.3465049,2
1053,-2.3866234,-1.9312084,3
1054,-3.5181544,-0.629714,4
1055,-3.1942122,-1.2430198,5
1056,-4.067459,-1.1317275,6
1057,-2.3554966,-0.9139327,0
1058,-2.7584379,-1.2252676,1
1059,-1.9796163,-0.58541596,2
1060,-2.8277338,-1.5549508,3
1061,-3.7159047,-0.37729585,4
1062,-2.803064,-2.0679054,5
1063,-2.7962234,-0.60358906,6
1064,-1.8384501,-0.8212079,0
1065,-2.69939,-0.42273068,1
1066,-2.2676568,-1.270464,2
1067,-2.4052148,-1.1202127,3
1068,-3.360396,-0.3234387,4
1069,-2.240888,-2.6298418,5
1070,-2.9155636,-0.40136188,6
1071,-2.6652212,-0.53293806,0
1072,-2.4284296,-0.8270284,1
1073,-1.8848405,-0.87377095,2
1074,-2.2931967,-1.225811,3
1075,-3.6049273,-0.77403367,4
1076,-2.465283,-1.3267487,5
1077,-2.8963802,-1.1585491,6
1078,-1.8633993,-0.4675372,0
1079,-2.5035672,-0.9972627,1
1080,-2.5377157,-1.3152889,2
1081,-2.7300096,0.0043963194,3
1082,-3.360289,-0.69706625,4
1083,-2.9238274,-0.67696154,5
1084,-2.9949367,-0.21316683,6
1085,-2.2992182,-0.81470096,0
1086,-3.0671916,-1.2003169,1
1087,-2.4553723,-1.6194315,2
1088,-2.755733,-1.2028297,3
1089,-2.9725418,-0.98117876,4
1090,-2.6938722,-1.8774464,5
1091,-3.3580484,-1.2966299,6
1092,-2.3861885,-1.3201525,0
1093,-2.648481,-0.9301787,1
1094,-2.3634098,-1.5046952,2
1095,-2.3512583,-1.0573282,3
1096,-3.0950649,-1.0153191,4
1097,-3.0652268,-1.6918912,5
1098,-2.8852458,-1.5003843,6
1099,-2.1063635,-0.5648643,0
1100,-2.5887063,-0.69320464,1
1101,-2.6578274,-1.3696604,2
1102,-2.5296297,-0.56637573,3
1103,-2.4650784,-1.9940423,4
1104,-3.056004,-1.8736894,5
1105,-3.0738132,-0.4337095,6
1106,-2.4506116,-0.5384103,0
1107,-2.5341835,-0.47318056,1
1108,-2.4589584,-0.95940274,2
1109,-2.508891,-0.99304855,3
1110,-2.5071757,-1.4671443,4
1111,-3.0558856,-1.1569757,5
1112,-4.0324135,-2.743517,6
1113,-2.4260352,-1.3093548,0
1114,-2.8289576,-0.8831514,1
1115,-2.3226488,-1.0314331,2
1116,-2.8103256,-0.15220696,3
1117,-2.8253593,-1.4611238,4
1118,-3.0471632,-1.1768333,5
1119,-3.1927376,-0.50825423,6
1120,-1.7602847,-0.3763515,0
1121,-2.6813688,-0.8585036,1
1122,-2.4601748,-0.92388254,2
1123,-2.516934,-1.6137619,3
1124,-2.4446015,-1.9219285,4
1125,-3.3088915,-0.8352048,5
1126,-2.9225104,-1.3516268,6
1127,-2.3461428,-0.107049316,0
1128,-2.802013,-0.8948308,1
1129,-2.4413507,-0.88754964,2
1130,-2.4015853,-1.5661819,3
1131,-2.4865012,-1.4507122,4
1132,-3.0485497,-1.8731172,5
1133,-3.1696236,-1.5970923,6
1134,-1.8434861,-0.021050751,0
1135,-2.8625026,-1.3858626,1
1136,-2.345937,-1.4940255,2
1137,-1.716014,-0.9248651,3
1138,-2.3743129,-1.5356781,4
1139,-2.6551704,-0.9850513,5
1140,-3.2222369,-1.4496574,6
1141,-1.7802234,0.1651085,0
1142,-2.9049902,-1.242868,1
1143,-2.694711,-1.2205465,2
1144,-3.11212,-0.69841564,3
1145,-2.3024232,-1.9213581,4
1146,-3.4359508,-0.46744585,5
1147,-3.5031638,-1.9797591,6
1148,-2.4016113,-0.9007248,0
1149,-2.5739112,-0.7837909,1
1150,-2.7280924,-1.7128057,2
1151,-2.247033,-0.76646525,3
1152,-2.5579,-0.97896224,4
1153,-3.0146654,-1.2616942,5
1154,-3.357388,-1.4275792,6
1155,-1.6909674,-0.32235786,0
1156,-3.002373,-0.9592678,1
1157,-1.9987639,-0.564052,2
1158,-2.497973,-1.2001953,3
1159,-3.1632996,-1.1828052,4
1160,-2.6795037,-0.9863403,5
1161,-3.145451,-0.9506982,6
1162,-2.7969735,-1.0999417,0
1163,-3.6055577,-1.4214233,1
1164,-2.433466,-1.0188918,2
1165,-2.210203,-0.46792245,3
1166,-2.9148808,-1.1430147,4
1167,-3.1659453,-1.22153,5
1168,-3.4434242,-0.68563974,6
1169,-1.6383195,0.16206902,0
1170,-2.5832796,-0.76580137,1
1171,-2.0732846,-1.1568568,2
1172,-2.2970178,-0.8166379,3
1173,-2.904847,-1.0482119,4
1174,-2.9858277,-1.3594172,5
1175,-3.2342834,-1.1663985,6
1176,-1.8884004,-0.14591503,0
1177,-2.9009545,-0.7804066,1
1178,-2.6371367,-1.4912517,2
1179,-2.9283972,0.33991575,3
1180,-2.6828098,-0.73082703,4
1181,-2.887991,-1.1698564,5
1182,-3.2078001,-2.3258495,6
1183,-1.9417698,-0.32566115,0
1184,-3.2372985,-1.3041146,1
1185,-2.32972,-1.3385614,2
1186,-2.1649308,-0.9132768,3
1187,-3.172555,-1.863698,4
1188,-3.083396,-1.2647256,5
1189,-3.5487382,-2.3411753,6
1190,-2.2464497,-0.5538661,0
1191,-2.737712,-0.98490775,1
1192,-2.9380403,-1.4523413,2
1193,-2.3060684,-0.8413139,3
1194,-3.1105142,-0.46689606,4
1195,-3.262236,-1.1017418,5
1196,-3.482927,-0.9475571,6
1197,-1.9135139,-0.12278807,0
1198,-2.6338406,-1.0046452,1
1199,-2.5787828,-1.3190717,2
1200,-2.275193,-2.1298532,3
1201,-2.4750535,-1.1053098,4
1202,-2.7839198,-1.0567145,5
1203,-3.038164,-1.0843376,6
1204,-2.3995984,-0.17555732,0
1205,-2.9859,-0.91095644,1
1206,-2.3711379,-1.0096211,2
1207,-2.3329785,-1.1370182,3
1208,-3.165566,-0.82989967,4
1209,-2.765721,-1.6824878,5
1210,-2.6718984,-0.37590617,6
1211,-2.1314526,-0.07348555,0
1212,-2.6887007,-1.2683637,1
1213,-2.390977,-0.91212976,2
1214,-2.4022782,-1.7715095,3
1215,-2.4897375,-0.52969986,4
1216,-3.1340783,-1.6564312,5
1217,-3.093679,-1.069067,6
1218,-1.8717982,0.4188859,0
1219,-2.8388057,-1.3311466,1
1220,-2.6083221,-1.1871159,2
1221,-2.0361905,-0.44050127,3
1222,-2.946192,-1.4892629,4
1223,-3.3793473,-0.95842224,5
1224,-3.3522387,-1.2445647,6
1225,-2.4693089,-0.80917776,0
1226,-2.5923996,-1.0560331,1
1227,-2.4015996,-1.1579165,2
1228,-3.3159735,-1.1928608,3
1229,-3.887704,-0.44847995,4
1230,-3.1420493,-0.22947407,5
1231,-3.4510033,-0.862991,6
1232,-2.4714851,-0.6459362,0
1233,-2.5796013,-1.1375358,1
1234,-2.442906,-0.9822635,2
1235,-2.5887177,-0.6492759,3
1236,-2.655132,-1.6262318,4
1237,-2.3965826,-1.9822884,5
1238,-3.385148,-1.7953894,6
1239,-2.0031035,-0.49496067,0
1240,-2.533031,-1.6781381,1
1241,-2.3553617,-1.4479111,2
1242,-2.7909188,-1.1093197,3
1243,-2.64051,-2.1661043,4
1244,-2.6994255,-2.4063487,5
1245,-3.65149,-2.4507241,6
1246,-1.9853984,-0.94198865,0
1247,-2.6803532,-0.8795223,1
1248,-2.6570053,-1.1884149,2
1249,-2.9101467,-1.4056273,3
1250,-2.439511,-1.832922,4
1251,-3.32088,-1.0977864,5
1252,-3.7989135,-0.32938182,6
1253,-2.5082421,-1.5443649,0
1254,-2.8162072,-1.2254188,1
1255,-2.2365973,-1.0650402,2
1256,-2.0363963,-0.74369323,3
1257,-3.1903684,-1.2203119,4
1258,-2.7953775,-1.7341628,5
1259,-3.672488,-1.6127465,6
1260,-2.262149,-0.4212468,0
1261,-2.3677526,-1.5014929,1
1262,-2.6026318,-1.3047234,2
1263,-2.0867956,-0.58497185,3
1264,-2.5210176,-0.62303007,4
1265,-3.390245,-0.7347051,5
1266,-3.3577397,-1.5075305,6
1267,-2.5328856,-1.3613367,0
1268,-3.0112848,-1.2003723,1
1269,-3.306318,-1.7551086,2
1270,-1.728132,-1.5096707,3
1271,-2.4359715,-1.7189138,4
1272,-2.6116333,-1.1085297,5
1273,-2.910541,-0.9422697,6
1274,-2.1043591,-0.65034163,0
1275,-2.6596997,-0.715271,1
1276,-2.6855385,-1.401446,2
1277,-2.3987055,-1.1371413,3
1278,-2.9059277,-0.9871547,4
1279,-3.0041957,-1.5537717,5
1280,-2.802397,-0.29306424,6
1281,-2.2329857,-0.92378366,0
1282,-2.5722969,-1.3389735,1
1283,-2.5668857,-1.0053825,2
1284,-2.3027244,-1.5983639,3
1285,-2.728745,-0.84220284,4
1286,-2.9657228,-0.84884274,5
1287,-3.5185227,-0.7619533,6
1288,-1.9380391,-0.27170444,0
1289,-2.1416283,-1.0621309,1
1290,-2.6922054,-1.1586715,2
1291,-2.3961031,-0.5363442,3
1292,-3.0406387,-0.8052618,4
1293,-2.8333135,-1.0200293,5
1294,-3.1366882,-1.5957555,6
1295,-2.5280287,-0.9140524,0
1296,-2.8857834,-1.0532054,1
1297,-2.8135529,-1.2724781,2
1298,-2.8079443,0.098156095,3
1299,-2.8904917,-1.2280803,4
1300,-2.806246,-1.9446123,5
1301,-3.3458786,-2.5370646,6
1302,-1.8979249,-0.70406085,0
1303,-2.659891,-1.0523736,1
1304,-2.6893485,-0.99884397,2
1305,-2.5351124,-0.7677914,3
1306,-3.2124116,-0.698735,4
1307,-2.924614,-1.4112151,5
1308,-3.144857,-1.536634,6
1309,-2.4272888,-0.76740307,0
1310,-2.709553,-0.7207762,1
1311,-2.5079997,-1.0653585,2
1312,-2.4260893,-0.6485288,3
1313,-2.990074,-1.0094366,4
1314,-2.9731386,-1.0580169,5
1315,-3.3786874,-1.8817048,6
1316,-2.104806,-0.42637372,0
1317,-3.0235965,-0.67243886,1
1318,-2.676153,-1.2295438,2
1319,-2.8476462,-1.0690769,3
1320,-3.064871,-1.0077409,4
1321,-3.144583,-1.8341824,5
1322,-3.2907865,-0.028894186,6
1323,-2.6122944,-1.4842432,0
1324,-2.6679616,-0.87614053,1
1325,-2.3849,-1.3164382,2
1326,-2.2623909,-0.103700936,3
1327,-2.9287503,-1.0023757,4
1328,-3.0317001,-1.3745087,5
1329,-3.1726224,-0.8536176,6
1330,-2.4951704,0.053967416,0
1331,-2.5881648,-0.76132715,1
1332,-2.5021417,-1.2767997,2
1333,-2.6633615,-1.1347159,3
1334,-3.5496974,-0.15979385,4
1335,-2.8891175,-1.2119806,5
1336,-2.7564383,-0.64853865,6
1337,-2.7621818,-1.2082696,0
1338,-2.266274,-0.7598991,1
1339,-2.3662407,-1.4035375,2
1340,-2.3546538,-0.8216649,3
1341,-2.1707237,-2.2220364,4
1342,-3.220076,-1.2432194,5
1343,-2.9582486,-1.0256511,6
1344,-2.1082213,-0.3641119,0
1345,-2.8782828,-0.38911778,1
1346,-2.1997592,-1.0069531,2
1347,-2.194501,-1.2060295,3
1348,-2.4638305,-1.1590554,4
1349,-2.921827,-1.2101208,5
1350,-2.7922168,-0.8499212,6
1351,-2.2224631,-1.210062,0
1352,-2.5354252,-0.5281329,1
1353,-2.6470094,-1.215147,2
1354,-2.5182338,-1.0613855,3
1355,-3.0006528,-1.1479664,4
1356,-3.0573733,-1.0582229,5
1357,-3.5004902,-1.5242183,6
1358,-1.6099019,-0.19794255,0
1359,-2.2904341,-0.44683862,1
1360,-2.3106148,-1.4798993,2
1361,-2.2920609,-0.908776,3
1362,-2.0258727,-1.8960398,4
1363,-3.2863326,-1.1617329,5
1364,-3.3104825,-0.6865911,6
1365,-2.2144706,-0.19031554,0
1366,-2.7392051,-1.484385,1
1367,-2.5106275,-1.2598232,2
1368,-2.546412,-0.42377692,3
1369,-2.916299,-1.3029748,4
1370,-2.747676,-0.52242327,5
1371,-2.5788403,-1.8499007,6
1372,-2.0895138,-0.08773416,0
1373,-1.8143075,-0.1945647,1
1374,-2.2561452,-0.92736715,2
1375,-2.603311,-0.9049306,3
1376,-2.473939,-1.4896272,4
1377,-2.4600804,-2.3777447,5
1378,-3.397948,-1.8033808,6
1379,-2.3590488,-0.7607149,0
1380,-3.0146646,-1.3225086,1
1381,-1.8557984,-0.9994923,2
1382,-3.0368733,-0.5613954,3
1383,-3.1707067,-0.9277321,4
1384,-3.5945919,-1.7223098,5
1385,-2.8354273,-0.3963889,6
1386,-1.6640196,0.65930384,0
1387,-2.2580347,-0.38209802,1
1388,-2.773059,-1.0541754,2
1389,-2.5576634,-0.50323373,3
1390,-3.0569654,-1.3268697,4
1391,-2.84025,-1.5375245,5
1392,-3.5731094,-2.2141862,6
1393,-1.9489155,0.16420048,0
1394,-3.0260918,-0.792982,1
1395,-2.571916,-0.94355655,2
1396,-2.270695,-0.50873697,3
1397,-1.916386,-1.8040128,4
1398,-2.2143164,-2.2400815,5
1399,-3.0943103,-1.3452119,6
1400,-2.0586488,-0.34029135,0
1401,-2.5320735,-1.1679363,1
1402,-2.456851,-1.0616661,2
1403,-2.5260847,-0.23595744,3
1404,-2.550344,-1.291271,4
1405,-3.377002,-0.50945014,5
1406,-2.7449188,-0.15497154,6
1407,-2.5214682,-0.57077026,0
1408,-3.0349874,-1.2168423,1
1409,-2.2211006,-1.4114665,2
1410,-2.5087185,-1.5637918,3
1411,-2.4713533,-2.232583,4
1412,-2.909282,-1.0428877,5
1413,-3.8174908,-0.98823375,6
1414,-2.0902808,-0.19768012,0
1415,-2.9247591,-0.9996824,1
1416,-2.4337049,-1.2952588,2
1417,-2.2445736,-0.99153656,3
1418,-2.768924,-0.67548674,4
1419,-3.008966,-0.9760889,5
1420,-2.4859116,-1.7257124,6
1421,-2.516144,-1.4150248,0
1422,-2.8538587,-0.8608364,1
1423,-2.7460558,-1.5451221,2
1424,-2.2205224,-2.1082978,3
1425,-3.5314646,-0.5223512,4
1426,-2.4611454,-2.189416,5
1427,-3.442391,-0.7134876,6
1428,-2.5455153,-1.0419946,0
1429,-2.77071,-1.0640411,1
1430,-2.5074296,-1.4323525,2
1431,-1.9774102,-1.4623902,3
1432,-2.8421776,-0.7675225,4
1433,-2.8489203,-2.2552633,5
1434,-3.373184,-2.0539527,6
1435,-2.3979437,0.023293018,0
1436,-3.1248405,-0.43373027,1
1437,-2.4455168,-0.9944059,2
1438,-1.8875551,-0.4804652,3
1439,-2.5456471,-0.7529766,4
1440,-3.0076506,-1.768023,5
1441,-3.1328714,-1.4377319,6
1442,-2.443934,-0.50607616,0
1443,-2.5903306,-0.88021535,1
1444,-2.5073838,-1.258092,2
1445,-2.3197708,-1.1668077,3
1446,-2.4487257,-1.6282452,4
1447,-3.3136191,-0.3780403,5
1448,-2.8836782,-0.9232841,6
1449,-2.524663,-1.1850085,0
1450,-2.7107744,-1.0737135,1
1451,-2.569197,-1.2242459,2
1452,-1.7996707,-0.6299681,3
1453,-2.941156,-1.7104051,4
1454,-2.516107,-1.7119117,5
1455,-3.0380383,-0.92849135,6
1456,-2.0295289,-0.3213192,0
1457,-2.6780777,-1.1629485,1
1458,-2.2313716,-0.69759524,2
1459,-3.209409,-0.9222311,3
1460,-3.1273558,-0.6337873,4
1461,-3.0137155,-1.7287599,5
1462,-2.5173745,-1.048375,6
1463,-1.8533036,-0.18293655,0
1464,-2.586589,-0.77405226,1
1465,-2.4163406,-1.3420168,2
1466,-2.822977,-0.9409109,3
1467,-2.9076066,-1.4367831,4
1468,-2.858851,-0.9134768,5
1469,-3.3838553,-2.31341,6
1470,-2.2434676,-0.6720348,0
1471,-1.9867189,-1.0682312,1
1472,-2.2899256,-1.1838071,2
1473,-3.246519,-0.6256758,3
1474,-2.5768232,-1.175315,4
1475,-2.6760678,-1.1448414,5
1476,-2.4773774,-0.28784263,6
1477,-2.5492663,-0.9005152,0
1478,-2.639284,-0.8188172,1
1479,-2.5215268,-1.535157,2
1480,-2.8306394,-0.40683347,3
1481,-3.0953166,-1.3418666,4
1482,-3.4670296,-0.35180008,5
1483,-3.3944607,-1.0213606,6
1484,-2.1744442,-0.8819488,0
1485,-2.1404173,-0.6437149,1
1486,-2.4290476,-1.1861823,2
1487,-2.6305134,-0.46746913,3
1488,-3.049969,-0.15744531,4
1489,-2.1422062,-2.390191,5
1490,-3.1221392,-1.5500617,6
1491,-2.0148396,-0.4163143,0
1492,-2.8043802,-1.0344096,1
1493,-2.620741,-1.2459105,2
1494,-2.0863545,-0.31955302,3
1495,-3.6445942,-0.5646248,4
1496,-2.3209577,-2.1319122,5
1497,-3.5890083,-1.0390972,6
1498,-2.1268206,-0.33748394,0
1499,-2.291384,-1.0447584,1
1500,-2.8695285,-1.2970965,2
1501,-2.3562255,-0.6609216,3
1502,-2.4406867,-1.7227892,4
1503,-2.3407156,-1.6589195,5
1504,-3.1977477,-2.1886628,6
1505,-2.6327524,-0.93470603,0
1506,-2.5383136,-0.65149486,1
1507,-2.4612746,-1.2490339,2
1508,-2.4428155,-1.3231223,3
1509,-2.6305108,-0.9520631,4
1510,-3.2787042,-1.0415257,5
1511,-3.3868966,-0.8648203,6
1512,-1.9373177,-0.25268722,0
1513,-3.1032383,-0.6827585,1
1514,-2.6925917,-1.230728,2
1515,-2.0087082,-1.4435592,3
1516,-2.629701,-1.5137267,4
1517,-3.0432549,-0.99838614,5
1518,-2.9949074,-1.1334203,6
1519,-2.467422,-0.9438711,0
1520,-2.5751786,-0.94794333,1
1521,-2.3347635,-0.97331923,2
1522,-2.7700348,-1.3585804,3
1523,-3.291305,-0.07501924,4
1524,-3.304069,0.48447728,5
1525,-2.929984,-1.2873166,6
1526,-2.1425736,-0.37285766,0
1527,-3.083132,-0.8481631,1
1528,-2.5261989,-1.4464247,2
1529,-2.4638634,-0.62579525,3
1530,-3.5859208,-0.60410255,4
1531,-2.7372048,-2.3518784,5
1532,-3.473073,-1.2817384,6
1533,-2.0548668,-0.13106307,0
1534,-2.6918628,-1.0642263,1
1535,-2.3339024,-1.4127749,2
1536,-2.540667,-1.8227952,3
1537,-2.863702,-1.3952602,4
1538,-2.7001927,-1.2599816,5
1539,-3.4793153,-0.5819321,6
1540,-1.9753209,-0.65399885,0
1541,-2.7377284,-0.30036813,1
1542,-2.565258,-1.0693752,2
1543,-2.005624,-1.0954161,3
1544,-2.6347857,-0.940116,4
1545,-2.9878309,-1.58301,5
1546,-3.9679365,-1.1964164,6
1547,-1.93495,-0.66275465,0
1548,-2.3245387,-0.34237033,1
1549,-2.661607,-1.1170481,2
1550,-2.5186586,-0.5904635,3
1551,-3.3581164,-0.80822647,4
1552,-2.182342,-1.9513197,5
1553,-3.1320965,-0.9225896,6
1554,-2.513472,-0.4549501,0
1555,-2.7663853,-0.40165582,1
1556,-2.40789,-1.1216881,2
1557,-2.9074461,-1.4623849,3
1558,-2.610468,-2.2162268,4
1559,-2.9685774,-1.1134411,5
1560,-3.8376093,-1.389231,6
1561,-2.554854,-1.1430819,0
1562,-3.1489022,-1.1740661,1
1563,-2.4505665,-1.4034184,2
1564,-2.4885375,-0.2765594,3
1565,-2.8679469,-1.8078659,4
1566,-2.3924005,-1.7463496,5
1567,-2.6860871,-0.24752462,6
1568,-1.9965036,-1.0438783,0
1569,-2.1484811,-0.66928923,1
1570,-2.359132,-1.2635791,2
1571,-2.1828725,-1.4790637,3
1572,-2.9989793,-0.30155468,4
1573,-3.5240977,0.2061491,5
1574,-2.8364542,-1.0481937,6
1575,-2.1325195,-0.0677602,0
1576,-2.224019,-0.77600044,1
1577,-2.3931694,-1.243264,2
1578,-2.711701,-0.83279073,3
1579,-2.6970174,-0.80579805,4
1580,-3.3564503,-1.236168,5
1581,-2.8864648,-0.48333228,6
1582,-2.7619362,-1.2707467,0
1583,-2.8679366,-0.92643267,1
1584,-2.1261883,-1.2946116,2
1585,-2.6376712,-1.0136956,3
1586,-3.086958,-1.2075152,4
1587,-3.6275954,-0.69573075,5
1588,-3.309959,-0.811828,6
1589,-1.6122694,-0.31206784,0
1590,-3.1730597,-1.0814087,1
1591,-2.3539975,-0.93566585,2
1592,-1.8502758,-1.4572033,3
1593,-2.7547429,-0.7880566,4
1594,-2.6487894,-2.0598798,5
1595,-3.6462586,-0.98055035,6
1596,-1.7849144,0.32639486,0
1597,-2.5261586,-0.9280206,1
1598,-2.0278242,-1.1516653,2
1599,-2.0698862,-1.5833101,3
1600,-2.4362197,-1.9717658,4
1601,-3.0330229,-0.90385646,5
1602,-3.4772573,-1.209017,6
1603,-2.6248527,-0.46742657,0
1604,-2.7688677,-0.8050082,1
1605,-2.7035694,-1.1826594,2
1606,-2.6446872,-1.4369541,3
1607,-2.571431,-1.4716772,4
1608,-2.4035482,-1.1170467,5
1609,-3.087305,-0.89230955,6
1610,-1.9949933,0.16907597,0
1611,-2.76533,-1.2440853,1
1612,-2.3529341,-1.7387528,2
1613,-1.628226,-0.7291321,3
1614,-2.4853845,-0.81861436,4
1615,-2.6174662,-1.4963682,5
1616,-2.7531583,-0.081392646,6
1617,-1.8447728,-0.41854376,0
1618,-2.2779822,-0.8945056,1
1619,-2.7935834,-1.002019,2
1620,-2.166004,-0.13577282,3
1621,-2.7869484,-0.90915966,4
1622,-2.9105449,-1.3238962,5
1623,-2.7259305,-1.158039,6
1624,-2.2749205,-0.99086654,0
1625,-3.0158954,-1.1838909,1
1626,-2.4148374,-1.4075223,2
1627,-2.301672,-1.4253535,3
1628,-2.6120603,-1.2141947,4
1629,-2.7725995,-0.6787926,5
1630,-3.0911455,-1.4806042,6
1631,-2.4435396,-0.43409374,0
1632,-2.6014066,-1.0914997,1
1633,-2.162465,-0.5951687,2
1634,-1.935602,-0.7948543,3
1635,-2.5605395,-1.1304462,4
1636,-3.1257753,-0.103393316,5
1637,-3.251314,-1.9492543,6
1638,-2.206867,-0.21278685,0
1639,-2.8203416,-1.1129005,1
1640,-2.3498263,-1.3558589,2
1641,-2.071746,-1.2318773,3
1642,-2.6363263,-1.3369235,4
1643,-2.4978466,-1.594771,5
1644,-2.4971652,-1.1504278,6
1645,-2.0806425,-0.59754366,0
1646,-2.5345628,-0.57031304,1
1647,-2.514178,-1.1778585,2
1648,-2.7815065,-0.90677416,3
1649,-2.58701,-1.3199991,4
1650,-2.839424,-0.77937835,5
1651,-3.4787433,-1.2080692,6
1652,-2.2293139,-0.29512447,0
1653,-2.667537,-1.1086338,1
1654,-2.7224448,-1.337461,2
1655,-1.9288416,-1.2097843,3
1656,-2.7704082,-2.2078798,4
1657,-2.6309335,-1.5329154,5
1658,-3.2972686,-0.89959466,6
1659,-2.472854,-0.88306254,0
1660,-3.0466,-1.0081167,1
1661,-1.9934916,-1.2084914,2
1662,-2.2462525,-1.7362249,3
1663,-2.708845,-1.709626,4
1664,-3.3303227,-0.65392447,5
1665,-3.229561,-0.956278,6
1666,-2.1970325,-0.78880394,0
1667,-2.9139261,-1.291109,1
1668,-2.6450105,-1.0993612,2
1669,-2.191318,-0.8977493,3
1670,-3.3938596,-0.6334242,4
1671,-2.6147308,-1.250082,5
1672,-3.031498,-0.46299845,6
1673,-2.0675197,-0.3379733,0
1674,-2.7521856,-0.75627697,1
1675,-2.508367,-1.1147294,2
1676,-2.8820672,-0.2670285,3
1677,-2.6577756,-1.1101502,4
1678,-3.0158634,-1.427785,5
1679,-2.6314275,0.7952248,6
1680,-2.1843276,-0.42450267,0
1681,-3.414599,-1.4777993,1
1682,-2.5269032,-1.2371652,2
1683,-2.447503,-0.94947916,3
1684,-2.9084876,-2.052015,4
1685,-3.2510448,-1.2636404,5
1686,-4.1699963,-1.9886743,6
1687,-1.9502205,0.055030763,0
1688,-2.4634073,-0.87469894,1
1689,-2.6069524,-1.6770785,2
1690,-1.9212446,-0.50155777,3
1691,-2.8755832,-1.2387686,4
1692,-2.5754924,-0.59271497,5
1693,-3.194817,-0.7616768,6
1694,-1.7063973,-0.3350733,0
1695,-2.9196262,-1.8267336,1
1696,-2.8640344,-1.4571421,2
1697,-1.8450058,-0.63999695,3
1698,-3.267518,-0.51318693,4
1699,-2.7114613,-1.0157651,5
1700,-2.9616551,-0.36249644,6
1701,-2.5403445,-0.7242951,0
1702,-2.2417269,-0.23760056,1
1703,-2.6902895,-1.0674218,2
1704,-2.5071023,-1.5393755,3
1705,-2.7179885,-1.7689927,4
1706,-2.6846952,-1.3276589,5
1707,-3.1692338,-1.2878844,6
1708,-2.3525836,-0.7480445,0
1709,-2.9112194,-0.72772586,1
1710,-2.4936173,-1.1006339,2
1711,-2.4823275,-0.7897698,3
1712,-2.895664,-0.96600425,4
1713,-3.6777067,-0.6959809,5
1714,-3.4344118,-1.8754812,6
1715,-1.6581527,-0.54388005,0
1716,-2.5997105,-1.0581234,1
1717,-2.3463254,-0.9692229,2
1718,-2.8572052,-1.1619442,3
1719,-2.91233,-0.5564945,4
1720,-2.7495537,-1.155113,5
1721,-3.1593215,-1.025005,6
1722,-2.1240022,-0.09248376,0
1723,-2.4858077,-0.67457116,1
1724,-2.0549698,-1.4096941,2
1725,-2.8606143,-0.7293811,3
1726,-2.461458,-1.6938815,4
1727,-3.022671,-1.354407,5
1728,-3.2186337,-1.1506345,6
1729,-1.702133,0.46688586,0
1730,-3.1826704,-0.625565,1
1731,-2.7184691,-1.0090604,2
1732,-2.9074757,-1.1367457,3
1733,-2.6844642,-1.0653459,4
1734,-3.3246975,-0.14323044,5
1735,-3.5391319,-0.70269597,6
1736,-2.1363928,-0.25957793,0
1737,-2.3563528,-1.3369293,1
1738,-2.0772707,-1.171693,2
1739,-2.8928607,-0.7947722,3
1740,-3.486083,-0.14777434,4
1741,-2.8270125,-0.79741156,5
1742,-2.836867,-1.0401466,6
1743,-2.4673767,-0.83427954,0
1744,-2.5468051,-1.1373926,1
1745,-2.477413,-0.8850917,2
1746,-2.273602,-1.348863,3
1747,-2.7943416,-1.3814896,4
1748,-2.818072,-1.8779849,5
1749,-3.708703,-1.8333154,6
1750,-2.5529506,-0.6914187,0
1751,-2.9512627,-0.8188198,1
1752,-2.4137106,-1.14643,2
1753,-2.3168614,-0.8521223,3
1754,-2.6252375,-1.2057556,4
1755,-2.6722906,-1.9952655,5
1756,-3.7012098,-1.3877859,6
1757,-1.2946576,0.68214506,0
1758,-2.7047086,-1.1364548,1
1759,-2.3052907,-1.1698439,2
1760,-2.731157,-0.52645075,3
1761,-2.4605055,-2.4035304,4
1762,-2.949218,-0.5782052,5
1763,-2.992314,-0.7752412,6
1764,-1.9293467,-0.2196235,0
1765,-1.9974884,-0.9674773,1
1766,-2.2640798,-1.5269446,2
1767,-2.2904186,-0.90129054,3
1768,-3.0110865,-1.3051059,4
1769,-2.9021645,-1.7998357,5
1770,-3.2403734,-0.64053905,6
1771,-2.0703545,-0.4370467,0
1772,-2.5918024,-1.1673577,1
1773,-2.7088869,-1.431013,2
1774,-2.728626,-1.2996676,3
1775,-2.7354064,-1.6386001,4
1776,-2.7307572,-0.66065264,5
1777,-3.6602533,-1.9300984,6
1778,-2.0866113,-0.9870858,0
1779,-2.2018616,-0.90161586,1
1780,-2.4647155,-1.0884094,2
1781,-2.5255473,-0.3849607,3
1782,-3.0969508,-0.88764745,4
1783,-3.0295188,-1.2336562,5
1784,-3.5389857,-1.9869899,6
1785,-2.023031,-0.24494237,0
1786,-2.5284548,-0.7091567,1
1787,-2.6262038,-1.1544837,2
1788,-2.7695773,-0.9720749,3
1789,-2.7208164,-1.2030631,4
1790,-2.879779,-1.0604771,5
1791,-3.3442628,-1.5611622,6
1792,-1.7329713,-0.23166311,0
1793,-3.0873556,-1.1219289,1
1794,-2.3281388,-1.4787743,2
1795,-2.6026058,-0.7726469,3
1796,-2.7205613,-1.0396011,4
1797,-2.6120024,-1.2483621,5
1798,-3.418101,-0.6573005,6
1799,-2.6339364,-0.74855185,0
1800,-2.441995,-0.9319763,1
1801,-2.6622636,-1.0419968,2
1802,-2.2452147,-0.8564004,3
1803,-2.6272223,-2.2641277,4
1804,-4.0240564,-0.13549674,5
1805,-3.433299,-1.9069966,6
1806,-2.0029905,-0.70835054,0
1807,-2.7558222,-0.7573073,1
1808,-2.5745306,-1.0506341,2
1809,-2.2226682,-1.3521973,3
1810,-2.9944642,-1.9248383,4
1811,-3.0236716,-1.3532678,5
1812,-3.9101934,-2.557448,6
1813,-1.7632054,-0.005033314,0
1814,-2.8240287,-0.81362695,1
1815,-2.631911,-1.1645468,2
1816,-2.3105795,-0.161803,3
1817,-2.7712464,-1.24704,4
1818,-3.1642437,-0.94943994,5
1819,-3.6969585,-1.7130424,6
1820,-2.3707395,-0.6892996,0
1821,-2.7720218,-0.73883224,1
1822,-2.6052113,-1.0078989,2
1823,-2.4084876,-0.21567422,3
1824,-3.0186856,-1.9504951,4
1825,-2.7834535,-1.4630793,5
1826,-3.2263236,-0.037317634,6
1827,-2.2003775,-0.38895896,0
1828,-2.5035577,-0.769068,1
1829,-2.4292274,-1.0222713,2
1830,-2.3007457,-1.4199167,3
1831,-3.5463758,-0.724566,4
1832,-3.3230917,-0.62154996,5
1833,-3.1726084,-0.6066696,6
1834,-1.9078473,-1.2025449,0
1835,-2.5957494,-0.09911734,1
1836,-2.5640898,-0.89526874,2
1837,-2.2725058,-0.66593945,3
1838,-3.4099164,-0.09597373,4
1839,-2.7413285,-0.33348548,5
1840,-3.9103642,-1.6589899,6
1841,-2.2571423,-0.56867594,0
1842,-2.8047016,-0.6269713,1
1843,-2.3795054,-0.90481484,2
1844,-2.3575888,-1.2398314,3
1845,-2.877278,-0.9170153,4
1846,-2.95031,-1.2179803,5
1847,-3.2471573,-0.6702006,6
1848,-2.1726184,-0.57747304,0
1849,-2.5315382,-0.98128915,1
1850,-2.679699,-1.4593444,2
1851,-2.1191003,-0.61418855,3
1852,-3.5047698,-1.3991009,4
1853,-3.499081,-0.85179424,5
1854,-3.1338322,-0.8882268,6
1855,-2.1241386,-0.6347092,0
1856,-2.5134666,-0.98420995,1
1857,-2.585193,-1.691675,2
1858,-2.4740646,-1.1746736,3
1859,-3.3173919,-0.9467999,4
1860,-2.2538517,-2.6284606,5
1861,-3.4142256,-0.5832881,6
1862,-2.0301676,0.013797998,0
1863,-2.3548534,-1.1880714,1
1864,-2.3542511,-1.0587833,2
1865,-2.4763799,-0.5833889,3
1866,-2.9572773,-1.7887034,4
1867,-2.5921524,-2.0676231,5
1868,-3.2420669,-2.3056574,6
1869,-2.1896145,-0.3147004,0
1870,-3.059937,-0.70923495,1
1871,-2.7118342,-0.94706666,2
1872,-2.5427763,-0.7684108,3
1873,-2.4816027,-1.1033176,4
1874,-3.2716386,0.30423713,5
1875,-3.1170173,-1.3730599,6
1876,-2.491632,-0.77143097,0
1877,-2.6173933,-0.45030203,1
1878,-2.4320705,-1.3455899,2
1879,-2.7889829,-2.2394052,3
1880,-2.8406103,-1.6471696,4
1881,-2.8793314,-0.7690728,5
1882,-3.6604064,-0.7257576,6
1883,-2.1206505,-0.3753476,0
1884,-2.7291367,-0.80886966,1
1885,-2.6725895,-0.9932214,2
1886,-2.655112,-0.80854344,3
1887,-2.624467,-1.875101,4
1888,-3.1633089,-1.0047606,5
1889,-3.80893,-1.3643667,6
1890,-2.153057,-0.24534756,0
1891,-2.6571312,-0.72516,1
1892,-2.5073638,-1.6251895,2
1893,-2.0840604,-0.6577794,3
1894,-2.9834843,-1.1755728,4
1895,-4.000692,-1.0159311,5
1896,-2.7517204,-0.34958547,6
1897,-2.360575,-0.57262874,0
1898,-2.6814797,-1.1969963,1
1899,-2.4470327,-1.1569088,2
1900,-2.775247,-0.6998006,3
1901,-2.638119,-2.1136448,4
1902,-3.4624238,-0.88057446,5
1903,-3.246516,-0.90279174,6
1904,-2.0057294,-0.77344763,0
1905,-2.4808397,-0.6843652,1
1906,-2.4238734,-0.8868606,2
1907,-2.7268426,-1.033005,3
1908,-3.10111,-0.4176308,4
1909,-3.0280058,-1.7764843,5
1910,-3.3228688,-0.71998197,6
1911,-2.218586,-0.31182525,0
1912,-2.5760903,-0.53946114,1
1913,-2.4167893,-1.2496604,2
1914,-3.0153503,-1.2378206,3
1915,-2.6846502,-0.9977643,4
1916,-2.9063716,-0.42365462,5
1917,-2.7807658,-0.1343013,6
1918,-2.3987124,-0.63912195,0
1919,-2.9930663,-1.0643504,1
1920,-2.877149,-1.2444731,2
1921,-2.29799,0.27164125,3
1922,-3.0320566,-2.2936099,4
1923,-2.444865,-0.87944746,5
1924,-3.520907,-1.6224165,6
1925,-2.2087328,-1.1065044,0
1926,-2.7638667,-0.6516694,1
1927,-2.249543,-1.0721298,2
1928,-2.2234695,-1.5975393,3
1929,-2.9235628,-0.89162165,4
1930,-2.200941,-2.352855,5
1931,-3.95051,-2.236227,6
1932,-2.043184,-0.5524379,0
1933,-2.5438385,-1.1522609,1
1934,-2.579204,-0.7159241,2
1935,-2.7577229,-0.78616035,3
1936,-2.9497058,-1.3010496,4
1937,-3.0754454,-0.296683,5
1938,-3.0747104,-1.5763397,6
1939,-2.0206196,-0.7908174,0
1940,-1.9970386,-0.4677767,1
1941,-2.1830797,-0.9414027,2
1942,-2.3336568,-1.0713171,3
1943,-3.193844,0.38176548,4
1944,-2.898514,-1.2057012,5
1945,-3.3685935,-1.8967482,6
1946,-2.4357562,-0.17396462,0
1947,-3.2281888,-1.3246522,1
1948,-2.2165082,-0.9898675,2
1949,-3.0415096,-2.0460987,3
1950,-3.173782,-1.4659733,4
1951,-3.3833296,-1.1171353,5
1952,-3.3043942,-2.1042905,6
1953,-2.173147,-0.23915988,0
1954,-2.5912359,-0.9527394,1
1955,-2.3247268,-1.2967786,2
1956,-2.7092137,-0.26925707,3
1957,-2.3361354,-2.038283,4
1958,-3.1878839,-1.0885122,5
1959,-3.489909,-2.359449,6
1960,-2.2170186,-0.75371504,0
1961,-2.78465,-0.79204196,1
1962,-2.7180758,-0.8149122,2
1963,-2.4632497,-0.9776639,3
1964,-3.0875938,-0.5092386,4
1965,-2.7791471,-1.238141,5
1966,-4.198147,-1.6106429,6
1967,-1.7978995,-0.30120742,0
1968,-3.0850332,-1.5091031,1
1969,-2.4668286,-1.2090652,2
1970,-2.5913882,-0.4802444,3
1971,-2.8568265,-1.874491,4
1972,-2.566812,-2.0861373,5
1973,-3.18735,-0.97919685,6
1974,-2.2795904,-0.16226259,0
1975,-2.562308,-0.5362641,1
1976,-2.7958338,-1.3557723,2
1977,-3.1326294,-0.59401226,3
1978,-2.9320781,-0.8385793,4
1979,-3.0360272,-0.6290587,5
1980,-2.3739495,0.011519551,6
1981,-1.6674316,-0.34515956,0
1982,-2.9011812,-0.81226546,1
1983,-2.9512525,-1.2632318,2
1984,-2.8234718,-2.182347,3
1985,-3.5482955,-0.5846332,4
1986,-3.2852275,-1.1575477,5
1987,-3.3856363,-1.5881689,6
1988,-2.3980377,-0.9946227,0
1989,-2.5102563,-1.0909891,1
1990,-2.6767192,-1.2750418,2
1991,-2.4299302,-0.57490134,3
1992,-2.7613847,-1.253272,4
1993,-2.8523672,-1.5756974,5
1994,-3.2926931,-1.0658686,6
1995,-2.3629062,-0.84631234,0
1996,-2.2695718,-0.5112409,1
1997,-2.52501,-1.15875,2
1998,-2.3505108,-0.8247911,3
1999,-2.9598598,-0.7688329,4
2000,-3.352266,-0.56118566,5
2001,-2.9123845,-0.48588073,6
2002,-2.068794,-0.3282668,0
2003,-3.0540154,-1.287827,1
2004,-2.1133842,-1.1293703,2
2005,-2.3470972,-0.4891744,3
2006,-2.661406,-0.80617964,4
2007,-2.7243736,-1.2055858,5
2008,-2.8460753,-1.6656095,6
2009,-2.6222978,-0.39200753,0
2010,-2.7661333,-1.4472635,1
2011,-2.355635,-1.1453335,2
2012,-2.64995,-1.0659796,3
2013,-2.6674352,-1.4548429,4
2014,-2.9455695,-2.0684278,5
2015,-2.6900496,-0.392339,6
2016,-1.6624542,-0.056245923,0
2017,-2.8770027,-0.45005858,1
2018,-2.7974384,-1.213774,2
2019,-2.8381348,-0.6811335,3
2020,-3.4074535,-0.07630432,4
2021,-2.9138381,-1.1385145,5
2022,-3.8854053,-2.0967138,6
2023,-2.5827677,-0.6503942,0
2024,-2.9871764,-1.1574584,1
2025,-2.6032605,-1.2230178,2
2026,-2.4164758,-1.090475,3
2027,-2.5434546,-1.6161747,4
2028,-3.3195114,-1.9115776,5
2029,-3.0371504,-0.6912089,6
2030,-2.676089,-0.6778345,0
2031,-2.7835512,-0.9399709,1
2032,-2.4500177,-1.3015202,2
2033,-2.5862792,-0.5141561,3
2034,-2.463692,-2.1657743,4
2035,-2.7620227,-1.6289606,5
2036,-3.4436967,-0.630161,6
2037,-2.3051498,-1.1341236,0
2038,-2.6824245,-1.1311455,1
2039,-2.5291798,-1.0861918,2
2040,-2.3579576,-0.5977217,3
2041,-3.2109518,-1.125381,4
2042,-2.583606,-2.14325,5
2043,-3.0313563,-1.6693747,6
2044,-1.972117,-0.68042994,0
2045,-2.684284,-1.1855388,1
2046,-2.8835318,-1.2009443,2
2047,-2.4261048,-0.26408124,3
2048,-2.2640214,-2.3687837,4
2049,-3.426399,-0.7614556,5
2050,-2.9840002,-0.27881324,6
2051,-2.2976065,-0.89957064,0
2052,-2.672215,-0.9207369,1
2053,-2.4986885,-1.174005,2
2054,-2.2603598,-0.5515875,3
2055,-3.0249817,-0.9182894,4
2056,-2.2385101,-1.1977632,5
2057,-3.6586757,-1.0682921,6
2058,-2.503894,-1.7924366,0
2059,-2.6670678,-1.2827204,1
2060,-2.7139232,-1.4334751,2
2061,-3.2380402,-0.8183047,3
2062,-2.7045813,-0.6412496,4
2063,-2.3612056,-1.5288262,5
2064,-3.2382326,-0.52607626,6
2065,-2.1772308,-0.42973778,0
2066,-2.5504565,-0.9552793,1
2067,-2.6539836,-1.0932258,2
2068,-2.367225,-0.47162288,3
2069,-3.2186353,-0.885501,4
2070,-2.8263521,-1.9738015,5
2071,-3.3013675,-0.9665813,6
2072,-2.4251952,-0.7023593,0
2073,-2.6530962,-1.0613098,1
2074,-2.4608889,-1.2805583,2
2075,-2.5318143,-2.0061374,3
2076,-2.432895,-1.2611563,4
2077,-2.5573623,-1.1859338,5
2078,-3.6434097,-1.9749078,6
2079,-2.2000968,-0.27333865,0
2080,-2.8204966,-1.5695233,1
2081,-2.6636271,-1.4141672,2
2082,-2.3781233,-1.2045283,3
2083,-2.3626258,-1.4204494,4
2084,-2.6726222,-1.6053269,5
2085,-3.804175,-1.4424801,6
2086,-2.1788979,-0.13730499,0
2087,-2.9794564,-0.35110605,1
2088,-2.126983,-1.1938045,2
2089,-2.6299279,-0.41864502,3
2090,-2.6515388,-1.5749207,4
2091,-3.4214785,-0.95414007,5
2092,-2.890853,-0.68853545,6
2093,-2.156154,-0.5161998,0
2094,-2.1060154,-0.41943038,1
2095,-2.8001468,-1.4184997,2
2096,-1.718221,-0.7537334,3
2097,-3.3637855,-0.5947621,4
2098,-3.116352,-0.7372505,5
2099,-3.1881778,0.124531746,6
2100,-2.1172123,-0.35908735,0
2101,-2.6667912,-0.52321327,1
2102,-2.6838765,-1.1176784,2
2103,-2.0731454,-1.5178849,3
2104,-3.177442,-0.5711554,4
2105,-2.525116,-1.642875,5
2106,-3.210806,-0.41504157,6
2107,-1.6904702,-0.3368572,0
2108,-2.9302557,-1.5492902,1
2109,-2.4996552,-1.4909471,2
2110,-2.3646467,-1.0974162,3
2111,-3.0759246,-0.28440738,4
2112,-3.469599,-0.7736529,5
2113,-3.1492803,-0.4279139,6
2114,-2.2803872,-0.091320485,0
2115,-2.5182588,-1.4114671,1
2116,-2.3901024,-0.94944954,2
2117,-2.2590017,-1.4301648,3
2118,-2.9258595,-0.8179488,4
2119,-2.978388,-1.3574256,5
2120,-3.8247156,-1.5346904,6
2121,-2.117845,-1.2430722,0
2122,-2.7325306,-0.99319124,1
2123,-2.2717621,-1.4254378,2
2124,-2.4129481,-0.046205938,3
2125,-2.546588,-1.8073943,4
2126,-2.9109101,-0.5565754,5
2127,-3.0316281,0.2130462,6
2128,-2.528174,-0.4662927,0
2129,-2.63466,-1.2299366,1
2130,-2.343748,-0.93948007,2
2131,-1.9461484,-1.5392971,3
2132,-3.450436,-1.2335289,4
2133,-2.857666,-0.68025887,5
2134,-3.3134966,-1.3591061,6
2135,-2.6278527,-0.70410216,0
2136,-2.5560434,-1.194187,1
2137,-2.4103248,-1.3173938,2
2138,-2.3063803,-1.158697,3
2139,-2.988427,-0.7830168,4
2140,-3.415411,-0.37534416,5
2141,-2.7697725,-0.19216967,6
2142,-1.9594307,-0.29563206,0
2143,-2.8581614,-1.0468717,1
2144,-2.3604922,-1.2121524,2
2145,-2.7719998,-1.0634297,3
2146,-2.93834,-1.6084061,4
2147,-2.4562383,-1.9117842,5
2148,-4.096904,-1.381752,6
2149,-2.4075172,-0.8723582,0
2150,-2.816948,-0.7752106,1
2151,-2.3426914,-1.5901791,2
2152,-2.5561,-0.72707546,3
2153,-1.9902663,-2.3146586,4
2154,-2.8045933,-1.1440042,5
2155,-3.2217202,-1.7909894,6
2156,-2.2250736,-0.8070817,0
2157,-2.9745393,-0.97340155,1
2158,-2.4793994,-1.3442105,2
2159,-2.7460625,-0.66351074,3
2160,-2.971183,-1.2568629,4
2161,-2.679281,-1.3128183,5
2162,-3.6681209,-0.8967644,6
2163,-2.3303769,0.046276152,0
2164,-2.2934022,-0.597326,1
2165,-2.6028178,-1.1551733,2
2166,-1.9535851,-0.24641109,3
2167,-2.409293,-1.7303615,4
2168,-3.0648992,-0.65375197,5
2169,-2.7480583,-1.2645018,6
2170,-1.7765975,0.15363389,0
2171,-2.4593477,-0.5750059,1
2172,-2.5050495,-1.2104797,2
2173,-2.5483952,-0.7501688,3
2174,-3.0106003,-0.60941416,4
2175,-2.6937237,-2.6755285,5
2176,-3.1099718,-0.19786143,6
2177,-2.8667912,-1.3889508,0
2178,-2.5912588,-0.26365662,1
2179,-2.3045092,-1.5064399,2
2180,-1.9505934,-1.2802389,3
2181,-2.4694512,-0.42560744,4
2182,-2.7434404,-0.51765716,5
2183,-3.4578621,-1.0839491,6
2184,-2.1479545,-0.89650685,0
2185,-2.7344644,-1.1180905,1
2186,-2.6592457,-1.4165549,2
2187,-2.045686,-1.3685883,3
2188,-2.9286225,-0.4176311,4
2189,-2.6860754,-2.1853504,5
2190,-3.3576207,0.3961413,6
2191,-2.6814938,-0.32113492,0
2192,-3.2251785,-0.7717308,1
2193,-2.1566296,-1.0157375,2
2194,-2.3377836,-1.9102086,3
2195,-2.6757598,-1.2902102,4
2196,-2.6949515,-0.46193606,5
2197,-3.6572802,-1.7103643,6
2198,-2.0821977,-0.5671389,0
2199,-2.5597851,-0.24161077,1
2200,-2.2006903,-0.9430227,2
2201,-2.6993544,-0.7677138,3
2202,-3.2160063,0.007932544,4
2203,-3.4828317,-1.8235486,5
2204,-4.0044465,-2.0184717,6
2205,-1.9473073,0.15324104,0
2206,-2.563616,-1.3452616,1
2207,-2.6465924,-1.5425912,2
2208,-2.701703,-0.98149526,3
2209,-2.0828316,-2.0760212,4
2210,-2.9663944,-1.1012189,5
2211,-3.3143346,-2.3252082,6
2212,-1.3734298,-0.10831958,0
2213,-2.5361097,-1.368507,1
2214,-2.7687106,-1.4339837,2
2215,-2.2842596,-1.4371319,3
2216,-2.5064805,-0.80426884,4
2217,-2.9757717,-1.7137547,5
2218,-3.3567426,-0.9980621,6
2219,-2.1874309,-0.81282836,0
2220,-3.526664,-1.0865275,1
2221,-2.2949927,-0.8293896,2
2222,-2.036674,-0.89616925,3
2223,-2.891283,-1.0868121,4
2224,-2.8155556,-1.1266012,5
2225,-3.5310678,-1.238797,6
2226,-2.4522593,-0.22728318,0
2227,-2.5477562,-0.46228534,1
2228,-2.2823586,-1.3715138,2
2229,-2.2958152,-0.44762027,3
2230,-3.1000173,-1.3701272,4
2231,-2.6437294,-1.3533053,5
2232,-4.4499907,-1.3883533,6
2233,-2.3226109,-0.71307087,0
2234,-2.7095435,-1.036713,1
2235,-2.5615358,-1.1240171,2
2236,-3.1107373,-1.3069683,3
2237,-3.1968,-0.0903095,4
2238,-2.5211675,-1.0878063,5
2239,-2.745055,-1.116192,6
2240,-2.5672023,-0.6330787,0
2241,-2.0953357,-0.6110157,1
2242,-2.9841104,-1.2840722,2
2243,-2.4135838,-0.415451,3
2244,-3.6383796,-0.6609729,4
2245,-3.0868573,-1.4652969,5
2246,-3.7384827,-1.6857314,6
2247,-2.1638918,-1.051748,0
2248,-2.7487414,-0.62105304,1
2249,-2.5068498,-0.9991669,2
2250,-2.9592614,-0.61692715,3
2251,-2.84084,-1.4260498,4
2252,-3.133227,-1.1031243,5
2253,-3.0823095,-0.45691377,6
2254,-1.8244455,0.1929285,0
2255,-2.5153592,-0.9274596,1
2256,-2.6226509,-1.3658483,2
2257,-2.698958,-0.38726753,3
2258,-2.551144,-0.6099689,4
2259,-2.6939204,-1.0339708,5
2260,-3.140192,-1.3926395,6
2261,-2.4439561,-0.27526525,0
2262,-2.4643838,-0.41409263,1
2263,-2.6385632,-1.240936,2
2264,-1.9473737,-0.27149224,3
2265,-2.7123706,-1.7190982,4
2266,-2.6719747,-2.2241845,5
2267,-3.3891366,-1.3671039,6
2268,-2.065865,-0.18250084,0
2269,-2.6850116,-1.3058463,1
2270,-2.4768422,-0.92989767,2
2271,-1.958635,-1.5438802,3
2272,-3.2125638,-0.5243557,4
2273,-2.9937916,-1.1424443,5
2274,-2.829428,-1.1433774,6
2275,-1.7783115,-1.0845206,0
2276,-2.2964993,-1.0794723,1
2277,-2.8915849,-1.6398859,2
2278,-3.1061397,-1.5809722,3
2279,-2.661875,-1.7657541,4
2280,-3.4282112,-1.9430674,5
2281,-3.2668772,-0.7003511,6
2282,-2.890038,-0.8815824,0
2283,-2.9854827,-0.73908556,1
2284,-2.6245892,-1.0018792,2
2285,-2.8221698,-0.42599934,3
2286,-2.97013,-0.98084617,4
2287,-2.6803565,-1.4441772,5
2288,-3.1771123,-0.8347009,6
2289,-2.3273149,-0.5963709,0
2290,-3.3519745,-1.7452285,1
2291,-2.4836981,-1.0550114,2
2292,-1.7818501,-0.96054673,3
2293,-2.0329738,-2.157471,4
2294,-2.2987812,-1.3667976,5
2295,-3.479068,-1.368347,6
2296,-2.0714965,-0.3323563,0
2297,-2.3623474,-0.8717108,1
2298,-2.4748476,-1.5563142,2
2299,-2.319177,-0.27427274,3
2300,-2.706248,-0.77321047,4
2301,-2.774783,-0.6312005,5
2302,-3.2037075,-1.4509888,6
2303,-2.077981,-0.7116263,0
2304,-2.662154,-1.611756,1
2305,-2.281778,-1.5258517,2
2306,-3.6643546,-0.9852949,3
2307,-2.5105736,-1.9332125,4
2308,-3.3458889,-0.8107858,5
2309,-2.9416416,-0.8763043,6
2310,-2.985742,-0.5811583,0
2311,-2.212126,-0.67624444,1
2312,-2.6371434,-1.2803137,2
2313,-2.7803686,-1.099799,3
2314,-2.8606045,-1.4318025,4
2315,-3.6602898,-0.88526016,5
2316,-3.2807226,-1.32838,6
2317,-2.3767073,0.39163893,0
2318,-2.551464,-0.916866,1
2319,-2.6172163,-1.0848376,2
2320,-2.89073,-1.837776,3
2321,-2.844009,-1.4377484,4
2322,-2.8912265,-0.71718884,5
2323,-3.5762336,-0.53731406,6
2324,-2.5086913,-0.9964285,0
2325,-2.6127586,-1.1458566,1
2326,-2.4321892,-1.5260729,2
2327,-1.6240193,-0.15178287,3
2328,-2.6981776,-1.8493929,4
2329,-2.80641,-1.9294534,5
2330,-3.600278,-1.8764869,6
2331,-2.0259054,-1.1541226,0
2332,-2.3970685,-0.85122114,1
2333,-2.9247067,-1.4537184,2
2334,-2.383458,-0.48272377,3
2335,-3.305957,-0.7896441,4
2336,-2.8847783,0.51250565,5
2337,-2.6749885,-0.07537782,6
2338,-1.9443653,-0.6366162,0
2339,-2.8174224,-0.7615739,1
2340,-2.5576992,-1.3510199,2
2341,-2.7801409,-1.3666587,3
2342,-2.977582,-1.5381155,4
2343,-2.7548501,0.09049511,5
2344,-4.215241,-1.6457462,6
2345,-2.1209097,-0.3319952,0
2346,-2.6522696,-0.03751433,1
2347,-1.9765475,-1.0007837,2
2348,-2.6185756,-1.8577564,3
2349,-2.2162843,-1.3407669,4
2350,-3.063615,-1.4490527,5
2351,-3.0895247,-0.9717362,6
2352,-1.583991,0.13156205,0
2353,-2.5335488,-0.9081302,1
2354,-2.6007347,-1.2711818,2
2355,-2.8414097,-0.79773545,3
2356,-2.9306278,-0.45614868,4
2357,-3.6441755,-0.32426715,5
2358,-2.9268765,-0.77787465,6
2359,-1.710441,0.15767473,0
2360,-2.5035849,-0.36954904,1
2361,-2.4075193,-1.2694808,2
2362,-2.5290554,-0.519963,3
2363,-3.4786556,-1.1238174,4
2364,-2.6840742,-1.4811084,5
2365,-3.1124237,-0.66995645,6
2366,-2.4749255,-0.38371316,0
2367,-2.8570526,-1.2522507,1
2368,-2.4714844,-1.3926268,2
2369,-2.5824018,-0.49261358,3
2370,-2.9588208,-1.1313385,4
2371,-2.9483895,-1.4840825,5
2372,-3.21188,-1.4159999,6
2373,-1.7681105,-0.7742735,0
2374,-2.439875,-1.0254999,1
2375,-2.6334543,-1.3750335,2
2376,-2.6573513,-0.9633876,3
2377,-2.7402554,-1.1247247,4
2378,-2.6953676,-0.8858407,5
2379,-3.2403445,-1.4682093,6
2380,-1.9531314,0.012352765,0
2381,-2.9309826,-0.7456975,1
2382,-2.239243,-1.0779976,2
2383,-2.4690623,-0.73459697,3
2384,-2.8684635,-1.8950893,4
2385,-2.48297,-1.8265054,5
2386,-2.986772,-1.9428264,6
2387,-1.8850837,-0.9704257,0
2388,-2.671071,-0.8144171,1
2389,-2.2566283,-0.6719815,2
2390,-2.6330209,-1.249111,3
2391,-2.0561714,-2.3275976,4
2392,-2.5322723,-0.9759886,5
2393,-3.3226075,-0.6632385,6
2394,-1.9664528,-1.1438556,0
2395,-2.5240507,-1.1950638,1
2396,-2.223852,-1.3333147,2
2397,-2.176629,-0.44334286,3
2398,-2.5290945,-1.759862,4
2399,-2.5700507,-2.1949623,5
2400,-3.1465635,-1.3342205,6
2401,-1.8317487,-0.3912346,0
2402,-3.153387,-1.5103648,1
2403,-2.3877933,-0.97631407,2
2404,-2.4678836,-1.262223,3
2405,-2.9743824,-0.82285935,4
2406,-2.7663717,-1.1025149,5
2407,-3.1161826,-1.0478941,6
2408,-2.315658,-0.077002466,0
2409,-2.3283129,-0.3446241,1
2410,-2.6853805,-1.5405042,2
2411,-2.1888921,-1.0621188,3
2412,-3.0015702,-1.1884784,4
2413,-3.132613,-1.0300273,5
2414,-3.5590227,-2.4968176,6
2415,-3.0120735,-1.2012508,0
2416,-2.963378,-0.83690137,1
2417,-2.0784085,-0.9452837,2
2418,-2.321323,-1.0966048,3
2419,-3.009844,-0.6868909,4
2420,-2.510773,-1.0125476,5
2421,-3.856671,-1.0006998,6
2422,-2.2148607,-0.7120628,0
2423,-3.0003572,-1.0013299,1
2424,-2.2554896,-1.0379792,2
2425,-2.068898,-1.0945905,3
2426,-2.8134775,-0.5817436,4
2427,-2.1940198,-1.6291165,5
2428,-3.558563,-0.80395114,6
2429,-2.0143037,-0.46107653,0
2430,-2.4962993,-0.77430296,1
2431,-2.394642,-1.0606866,2
2432,-2.5699725,-1.2714238,3
2433,-2.6381452,-0.9753566,4
2434,-2.2735708,-1.0384488,5
2435,-3.5095277,-1.469461,6
2436,-2.4497755,-1.1675317,0
2437,-2.392201,-0.993788,1
2438,-2.549289,-1.4269762,2
2439,-1.5896144,-0.91646075,3
2440,-2.9310539,-1.0747789,4
2441,-2.989234,-1.3747911,5
2442,-3.4757614,-0.663478,6
2443,-2.208068,-1.139369,0
2444,-2.728605,-0.9255791,1
2445,-2.215199,-0.69108063,2
2446,-1.8049119,-0.23150247,3
2447,-2.647891,-1.0812036,4
2448,-2.7343717,-0.89016753,5
2449,-3.3009567,-0.8266295,6
2450,-2.2326763,-0.6114989,0
2451,-2.5151083,-0.5537783,1
2452,-2.575925,-1.2526776,2
2453,-2.0891654,-0.7925837,3
2454,-2.4018822,-1.5138382,4
2455,-3.2355342,-0.7594088,5
2456,-2.796094,-0.65628797,6
2457,-2.4135883,-0.5459161,0
2458,-3.0221126,-1.4856579,1
2459,-2.747416,-1.0134227,2
2460,-1.9225583,-0.7726336,3
2461,-2.8261626,-1.1726605,4
2462,-2.6437464,-1.5477493,5
2463,-2.698526,-0.9219171,6
2464,-2.240169,-0.6256749,0
2465,-2.5277553,-0.9450965,1
2466,-2.4227173,-0.9829376,2
2467,-2.491211,-2.100788,3
2468,-3.2802818,-0.55851924,4
2469,-3.3594842,-1.2831705,5
2470,-3.1855404,-0.20856434,6
2471,-1.9525698,-0.15644309,0
2472,-3.148908,-1.386555,1
2473,-2.337418,-1.2441254,2
2474,-2.0801654,-2.0945823,3
2475,-2.7883215,-1.4020284,4
2476,-2.9991992,-1.9822936,5
2477,-3.6124988,-1.7253989,6
2478,-2.2812097,-0.5865297,0
2479,-2.622948,-1.1311716,1
2480,-2.5353954,-1.0440428,2
2481,-1.8530769,-0.26256824,3
2482,-2.6890843,-2.2799459,4
2483,-3.2511377,-0.76420784,5
2484,-3.1346366,-1.2088234,6
2485,-2.5116496,-0.735031,0
2486,-2.7557855,-1.0485024,1
2487,-2.4953244,-1.091385,2
2488,-2.022509,-1.1564821,3
2489,-3.045597,-1.1084188,4
2490,-2.3647962,-1.244582,5
2491,-2.896681,-1.3799053,6
2492,-1.7284827,-0.09578726,0
2493,-2.7917857,-0.8475914,1
2494,-2.8649507,-1.3302575,2
2495,-2.6743846,0.11554146,3
2496,-2.5093129,-2.1259592,4
2497,-2.7655506,-1.2280169,5
2498,-3.9977143,-1.2068555,6
2499,-2.1567526,-0.4340672,0
2500,-2.6782558,-1.1431774,1
2501,-2.0553143,-0.43361205,2
2502,-2.766825,-0.79186326,3
2503,-3.3475847,-0.10048759,4
2504,-2.7216277,-1.3248343,5
2505,-2.79827,0.5233929,6
2506,-1.9529372,0.01728493,0
2507,-2.4903753,-1.1530006,1
2508,-2.6585233,-1.0733141,2
2509,-2.5114453,-0.6868014,3
2510,-2.6786287,-1.6552217,4
2511,-3.0006561,-1.6516192,5
2512,-3.2612615,-1.0258446,6
2513,-2.040966,-0.13973731,0
2514,-2.4300835,-0.65454775,1
2515,-2.3562796,-1.1684277,2
2516,-2.7290196,-0.8256633,3
2517,-3.7089853,-0.09179413,4
2518,-3.1264029,-0.9476423,5
2519,-2.5263252,-1.5448564,6
2520,-2.159065,-0.87552154,0
2521,-2.72192,-0.94477195,1
2522,-2.3678079,-0.93279505,2
2523,-2.9595687,-1.2033464,3
2524,-3.0963888,-1.4155005,4
2525,-3.2113914,-0.8076551,5
2526,-4.0325246,-1.4833534,6
2527,-1.9440467,-0.29913744,0
2528,-2.528817,-0.80113035,1
2529,-2.2831514,-1.180527,2
2530,-1.602351,-0.5339475,3
2531,-3.4972172,-0.73879814,4
2532,-3.006999,-0.5827791,5
2533,-3.673477,-0.53278446,6
2534,-2.286505,-0.75677705,0
2535,-2.553606,-0.93021154,1
2536,-2.0721798,-1.1063664,2
2537,-2.752153,-1.1025286,3
2538,-2.998534,-1.8203344,4
2539,-2.969547,-1.2435753,5
2540,-2.3638055,-0.1277312,6
2541,-2.3094938,-0.52010006,0
2542,-2.9434998,-1.5099204,1
2543,-2.3373182,-1.7427342,2
2544,-2.297879,-0.6638279,3
2545,-2.6248138,-2.166556,4
2546,-2.982967,-1.4360964,5
2547,-3.5307727,-1.3938938,6
2548,-1.9271312,-0.5484175,0
2549,-3.0914235,-1.1300461,1
2550,-2.5440207,-1.6086994,2
2551,-2.8419886,-2.1904464,3
2552,-2.9302704,-1.7857978,4
2553,-3.2716079,-2.1794994,5
2554,-2.6010575,0.1564542,6
2555,-2.0334969,-0.36188,0
2556,-2.4175043,-0.8178314,1
2557,-2.549069,-1.4312869,2
2558,-2.4786942,-1.8689728,3
2559,-2.893483,-1.1435062,4
2560,-2.654995,-1.5524299,5
2561,-3.2089472,-1.1645646,6
2562,-1.5489188,0.029193223,0
2563,-2.7691371,-0.2874198,1
2564,-2.2814639,-0.86853576,2
2565,-2.7083771,-0.8121721,3
2566,-3.240692,-0.5933479,4
2567,-3.2290945,-1.1661365,5
2568,-2.7712076,-0.6529341,6
2569,-2.089548,-0.07141152,0
2570,-2.923304,-1.4185953,1
2571,-2.5503373,-1.3798568,2
2572,-2.7880576,-0.3445459,3
2573,-3.0158815,-1.4557481,4
2574,-3.1743104,-0.779323,5
2575,-3.4272861,-1.1222006,6
2576,-1.6566691,-0.1098941,0
2577,-2.5895147,-0.7191894,1
2578,-2.3475437,-1.1629777,2
2579,-2.1175532,-0.48973167,3
2580,-3.2184682,-1.042663,4
2581,-2.932761,-1.3687735,5
2582,-2.911813,-0.14886159,6
2583,-2.4392972,-1.505928,0
2584,-2.7756777,-1.146007,1
2585,-2.5040236,-1.2639024,2
2586,-2.4063249,-0.15138453,3
2587,-2.9744358,-1.4339824,4
2588,-2.9353614,-1.9533991,5
2589,-2.8672533,-0.6323262,6
2590,-2.7688508,-1.6315689,0
2591,-2.701421,-1.4513828,1
2592,-2.368746,-1.1899803,2
2593,-2.3433292,-0.87648255,3
2594,-2.918127,-2.313676,4
2595,-2.3128674,-1.2311199,5
2596,-3.905467,-0.7542453,6
2597,-2.7379885,-0.9495044,0
2598,-2.506269,-0.8278432,1
2599,-2.575157,-1.1966954,2
2600,-2.9698474,-1.1277981,3
2601,-3.2036915,-1.1277757,4
2602,-3.1074753,-0.92845327,5
2603,-3.0976,-0.9647522,6
2604,-2.3014965,-0.8920358,0
2605,-2.7696242,-0.39326447,1
2606,-2.218686,-1.3415077,2
2607,-2.1577554,-0.9414146,3
2608,-2.7846608,-0.95050055,4
2609,-2.2422838,-2.1609027,5
2610,-2.7255335,-1.0699894,6
2611,-2.5630584,-1.4887013,0
2612,-2.736374,-1.1885555,1
2613,-2.4024224,-1.2557824,2
2614,-1.7671847,-0.50983465,3
2615,-3.3537772,-0.053700447,4
2616,-2.6781883,-1.8433726,5
2617,-2.925476,-0.5266424,6
2618,-2.412958,-0.71249735,0
2619,-2.5565882,-0.8200492,1
2620,-1.8977205,-1.1098453,2
2621,-2.351285,-0.54167485,3
2622,-3.3803177,-0.9021953,4
2623,-2.773704,-1.2903891,5
2624,-2.6489112,0.35418725,6
2625,-1.8882208,-0.281569,0
2626,-2.5873804,-0.9830856,1
2627,-2.516065,-1.2393031,2
2628,-2.1423283,-1.6225979,3
2629,-3.0395186,-1.3779906,4
2630,-2.8354783,-0.54894036,5
2631,-3.723915,-0.48444057,6
2632,-1.9390655,-0.64799154,0
2633,-2.7805288,-0.92027587,1
2634,-2.815783,-1.5831192,2
2635,-1.8587449,-0.86611205,3
2636,-3.1680768,-0.37581027,4
2637,-2.9930816,-0.7366496,5
2638,-4.2793684,-2.574317,6
2639,-2.5254807,-0.508031,0
2640,-2.540642,-0.40517262,1
2641,-2.624311,-1.3292451,2
2642,-2.45615,-0.37250513,3
2643,-2.5010638,-0.82040524,4
2644,-2.745748,-2.685257,5
2645,-3.1428938,-1.0445856,6
2646,-2.3864715,-0.5447868,0
2647,-2.3335533,-1.2807916,1
2648,-2.355781,-0.8380939,2
2649,-2.649348,-1.2355714,3
2650,-2.3435652,-1.9843128,4
2651,-2.4224188,-2.4846606,5
2652,-2.705707,-0.65281546,6
2653,-1.9631561,-0.36988518,0
2654,-2.6901143,-1.1415722,1
2655,-2.5021563,-1.0929867,2
2656,-2.2246437,-1.0718124,3
2657,-2.2890902,-1.8488954,4
2658,-3.061038,-1.128965,5
2659,-2.8776615,-1.7578554,6
2660,-1.2158905,1.0226843,0
2661,-2.3914077,-0.5907272,1
2662,-2.6526246,-0.9984324,2
2663,-2.6452734,-1.251179,3
2664,-3.565084,-0.7943845,4
2665,-2.9202132,-1.5889461,5
2666,-3.2802348,-2.081559,6
2667,-1.7882004,0.14172274,0
2668,-2.6930027,-1.1331024,1
2669,-2.6694214,-1.366205,2
2670,-3.191499,-0.83303213,3
2671,-2.767731,-1.3409623,4
2672,-2.2278957,-2.2255228,5
2673,-3.6425543,-1.0838007,6
2674,-2.0428154,-0.09607342,0
2675,-2.759658,-0.62552994,1
2676,-2.9110968,-1.4213378,2
2677,-2.1948993,-1.5663326,3
2678,-2.4476297,-1.8584726,4
2679,-2.8105407,-1.6162832,5
2680,-3.1378179,-0.8444865,6
2681,-2.3305237,-0.5011493,0
2682,-3.073897,-0.8573313,1
2683,-2.741934,-1.1635252,2
2684,-3.011852,-0.8724003,3
2685,-3.1736646,-2.001878,4
2686,-2.350259,-1.6252819,5
2687,-2.8991358,-1.4001243,6
2688,-1.517701,-0.4177505,0
2689,-2.4742317,-0.22941273,1
2690,-2.2321737,-1.5756297,2
2691,-2.4739373,-0.40531582,3
2692,-2.5853374,-2.215639,4
2693,-3.166393,-1.5954621,5
2694,-3.0798428,-1.4865911,6
2695,-2.001463,-0.035592616,0
2696,-2.7158177,-1.1025765,1
2697,-2.3847196,-1.0037364,2
2698,-3.0275726,0.15501273,3
2699,-2.8536193,-0.77573,4
2700,-2.6860168,-0.5157261,5
2701,-3.251703,-0.3533671,6
2702,-2.3544667,-1.0412076,0
2703,-2.4450808,-1.2037586,1
2704,-2.6708648,-1.6192691,2
2705,-2.4506123,-0.9829373,3
2706,-3.0064282,-1.2400937,4
2707,-2.9104981,-1.756967,5
2708,-2.7699907,-0.89761305,6
2709,-1.642359,0.1615631,0
2710,-2.2878058,-0.45823878,1
2711,-2.244118,-1.4485905,2
2712,-1.7403523,-0.74374783,3
2713,-2.9106286,-2.1457238,4
2714,-3.0920262,-1.5827562,5
2715,-3.7308164,-2.8646188,6
2716,-1.8765435,-0.23418283,0
2717,-2.5018153,-0.61839867,1
2718,-2.2947638,-1.387041,2
2719,-1.9570079,-0.72775567,3
2720,-2.8278294,-1.4805669,4
2721,-3.4324632,-1.2649463,5
2722,-3.402235,-1.6494923,6
2723,-1.8725882,0.027308881,0
2724,-2.3648388,-0.28304446,1
2725,-2.4161491,-1.0931238,2
2726,-2.7393696,-0.59171057,3
2727,-2.595921,-1.4630172,4
2728,-3.5722423,-0.27101648,5
2729,-3.3269432,-1.5777304,6
2730,-1.7800639,0.30610126,0
2731,-2.1461887,-1.0019933,1
2732,-2.6221833,-0.8752382,2
2733,-2.445427,-0.42748386,3
2734,-2.4913185,-1.9850335,4
2735,-3.010999,-1.2363261,5
2736,-3.224036,-0.8835386,6
2737,-2.1402202,-0.5442297,0
2738,-2.6842275,-0.88738114,1
2739,-2.4705038,-1.1875417,2
2740,-2.6105013,-0.98110706,3
2741,-3.0647256,-0.48777056,4
2742,-3.6640377,-0.37313128,5
2743,-3.3012376,-2.179967,6
2744,-1.7720025,0.44481522,0
2745,-2.595519,-1.2228069,1
2746,-2.169779,-0.9449798,2
2747,-2.1290398,-0.9544001,3
2748,-2.7295775,-1.5627453,4
2749,-2.6959019,-1.5104976,5
2750,-3.2824743,-1.0038636,6
2751,-2.2262387,-0.13633439,0
2752,-2.896898,-1.2474756,1
2753,-2.6367624,-1.1107147,2
2754,-2.198394,-1.3073485,3
2755,-2.9282866,-1.4783581,4
2756,-3.555491,-0.49070656,5
2757,-3.814162,-1.8017159,6
2758,-2.3713453,-0.56774247,0
2759,-2.9322042,-1.4119756,1
2760,-2.616514,-0.8160113,2
2761,-2.6983337,-2.0727668,3
2762,-3.0369625,-0.33072847,4
2763,-2.44314,-1.6920786,5
2764,-3.013424,-1.6782161,6
2765,-2.375634,-0.4004242,0
2766,-2.769349,-1.1488559,1
2767,-1.984679,-0.83016586,2
2768,-2.5830142,-1.2737706,3
2769,-2.3201509,-1.5239859,4
2770,-2.6373124,-1.0896661,5
2771,-3.3309696,-1.8954713,6
2772,-1.9669791,-0.28569788,0
2773,-2.1992927,-0.31260478,1
2774,-2.6327443,-1.2946482,2
2775,-1.716171,-0.9208031,3
2776,-2.7227907,-1.0430056,4
2777,-3.2673798,-1.1691391,5
2778,-3.4436285,-1.2914784,6
2779,-2.5867066,-0.94311047,0
2780,-2.9334066,-1.029763,1
2781,-2.552744,-1.308418,2
2782,-2.3885,-1.2762567,3
2783,-3.0295684,-0.70408547,4
2784,-3.0939388,-1.1912773,5
2785,-3.6666634,-2.4435837,6
2786,-1.8016912,-0.4588329,0
2787,-2.7188764,-1.1931403,1
2788,-2.89014,-1.5004003,2
2789,-2.2329323,-0.32706255,3
2790,-2.684079,-1.6104491,4
2791,-2.602077,-2.2901993,5
2792,-2.1723976,-0.36215425,6
2793,-2.316308,-0.74731606,0
2794,-2.8961377,-0.8204117,1
2795,-2.6278124,-1.002539,2
2796,-2.5815754,-1.7880908,3
2797,-2.7437072,-1.6994889,4
2798,-2.7939851,-1.7347553,5
2799,-3.2581072,-0.5359382,6
2800,-1.4994277,0.09759146,0
2801,-2.2665627,-0.9462024,1
2802,-2.224431,-0.7799493,2
2803,-1.9302677,-0.77199036,3
2804,-3.3889885,-1.210841,4
2805,-2.2648547,-1.2227284,5
2806,-3.1290526,-1.2227111,6
2807,-1.7372196,0.3334568,0
2808,-2.3642554,-0.5048955,1
2809,-2.682825,-1.5988777,2
2810,-2.128424,-0.6714611,3
2811,-2.9671142,-0.94605076,4
2812,-2.6392593,-1.5673705,5
2813,-3.3343165,-1.7255044,6
2814,-2.3203213,-0.503307,0
2815,-2.5675166,-0.5174617,1
2816,-2.2950916,-0.8537009,2
2817,-2.5700202,-0.48488218,3
2818,-1.6498239,-2.028565,4
2819,-2.7740228,-2.2503974,5
2820,-2.7895336,-0.4925143,6
2821,-2.3192563,0.003288567,0
2822,-2.4024954,-0.6140865,1
2823,-2.4627624,-1.2391015,2
2824,-2.169698,-0.99600154,3
2825,-3.333686,-0.91098624,4
2826,-2.7658362,-1.8316448,5
2827,-3.6157556,-1.3445735,6
2828,-2.4754272,-0.87095153,0
2829,-2.7947793,-0.8838001,1
2830,-2.6020694,-1.0599136,2
2831,-2.1516519,-1.4211293,3
2832,-2.527412,-1.7220573,4
2833,-3.141202,-1.0391103,5
2834,-2.988551,-1.6017042,6
2835,-2.0910718,0.32621598,0
2836,-2.7976375,-0.66935426,1
2837,-2.4666579,-1.1118733,2
2838,-2.2822914,0.27269542,3
2839,-2.9061706,-0.99927145,4
2840,-2.2869298,-1.2383821,5
2841,-3.484149,-1.0569915,6
2842,-2.025128,0.045404136,0
2843,-2.5894704,-0.73517334,1
2844,-2.4208615,-1.0609995,2
2845,-3.03333,-1.5191588,3
2846,-2.921271,-1.318353,4
2847,-2.5550976,-0.38642967,5
2848,-2.713489,-1.238792,6
2849,-1.8561094,-0.077278376,0
2850,-2.2054677,-1.0680666,1
2851,-2.6416235,-0.9893054,2
2852,-2.1030943,-0.46389568,3
2853,-2.6109025,-2.281107,4
2854,-3.2090466,-0.66422284,5
2855,-3.9226274,-1.0292023,6
2856,-2.3287618,-0.6717365,0
2857,-2.3749166,-0.34426862,1
2858,-2.634491,-1.3311675,2
2859,-2.4124498,-0.22717178,3
2860,-2.7294848,-1.5646458,4
2861,-2.9144232,-2.649464,5
2862,-3.5782037,-0.85611206,6
2863,-1.980912,0.41834944,0
2864,-1.9983392,-1.048912,1
2865,-2.4629076,-1.5527039,2
2866,-2.3151157,-1.3171035,3
2867,-4.0138865,0.14896631,4
2868,-3.0102887,-1.0997199,5
2869,-3.2211227,-1.2552831,6
2870,-2.2313144,-1.081908,0
2871,-2.7885735,-1.0884178,1
2872,-2.8616605,-1.1230876,2
2873,-2.2490005,-1.0096802,3
2874,-2.9876995,-1.121635,4
2875,-3.1922166,-1.4048272,5
2876,-3.6139426,-1.4566274,6
2877,-2.1148634,-0.3623441,0
2878,-2.6758645,-0.8978047,1
2879,-2.389056,-1.0807763,2
2880,-2.4655364,-0.50321233,3
2881,-2.7311265,-1.2735263,4
2882,-2.9271173,-1.8174295,5
2883,-3.2166984,-2.0261397,6
2884,-2.3196146,-0.8759252,0
2885,-2.8543832,-0.91296375,1
2886,-2.3139584,-1.0242004,2
2887,-2.2957556,-1.1412896,3
2888,-3.27245,-0.75375175,4
2889,-2.640027,-0.11914146,5
2890,-3.1041548,-1.3536015,6
2891,-2.168841,-0.5417775,0
2892,-2.560711,-1.3043954,1
2893,-2.2290533,-1.1068873,2
2894,-2.5081482,-1.0076239,3
2895,-3.6082652,-1.2981994,4
2896,-3.004861,-1.1006241,5
2897,-3.6636055,-0.90614295,6
2898,-2.4528596,-0.4960424,0
2899,-3.1409407,-1.0086335,1
2900,-2.361619,-1.3684701,2
2901,-2.3293576,-1.3162247,3
2902,-2.7532413,-0.6019376,4
2903,-2.9388413,-1.2774851,5
2904,-2.9985585,-0.9563337,6
2905,-2.146273,-0.9076966,0
2906,-3.342463,-1.4165177,1
2907,-2.29203,-1.0186914,2
2908,-2.542703,-0.87862366,3
2909,-3.2037182,-0.7713628,4
2910,-2.5897365,-0.612271,5
2911,-3.6253798,-0.24603617,6
2912,-2.3021262,-0.73188496,0
2913,-2.6430392,-1.0187,1
2914,-2.0073874,-1.0805507,2
2915,-2.041527,-1.7212017,3
2916,-2.9503865,-1.3542826,4
2917,-2.5953617,-1.6229945,5
2918,-3.2921438,-1.0446377,6
2919,-2.2395031,-0.93514025,0
2920,-2.4195385,-0.9237373,1
2921,-2.4477541,-1.1167883,2
2922,-2.3658144,-1.9684263,3
2923,-2.7558393,-1.35403,4
2924,-3.2724032,-0.1932149,5
2925,-3.7288055,-2.4310822,6
2926,-1.959226,-1.1927816,0
2927,-2.24178,-0.6073149,1
2928,-2.8447425,-1.1268562,2
2929,-2.2972827,-0.9864057,3
2930,-2.857104,-1.169134,4
2931,-2.785481,-0.73261553,5
2932,-3.9468117,-1.7354383,6
2933,-1.8042362,0.34126574,0
2934,-3.0177183,-1.5314255,1
2935,-2.5086074,-0.9512137,2
2936,-2.3439965,-1.1324104,3
2937,-2.9387946,-1.0942883,4
2938,-3.1165667,-1.8618114,5
2939,-3.1650443,-0.6679541,6
2940,-2.1960244,-0.30911282,0
2941,-2.4979143,-1.3894151,1
2942,-2.4355712,-1.2584118,2
2943,-1.9425571,-1.2419872,3
2944,-2.055599,-1.8357673,4
2945,-2.5210032,-2.0180595,5
2946,-3.3349738,-2.0992062,6
2947,-2.6767573,-0.95654917,0
2948,-2.2056506,-1.0830852,1
2949,-2.3486633,-1.4048731,2
2950,-2.389366,-1.361258,3
2951,-2.850993,-1.0119598,4
2952,-2.9554636,-0.899212,5
2953,-2.8490083,-1.8236898,6
2954,-1.8586835,-0.44069445,0
2955,-2.831836,-0.770522,1
2956,-2.3554485,-1.2630827,2
2957,-2.3464065,-1.6909266,3
2958,-2.7919202,-1.1137463,4
2959,-2.3957696,-1.0014719,5
2960,-3.044633,-2.219368,6
2961,-3.0046268,-1.5722492,0
2962,-2.7440324,-1.3196945,1
2963,-2.252252,-0.9559864,2
2964,-2.3048086,-1.611618,3
2965,-2.2675118,-2.3549724,4
2966,-3.146169,-0.49829775,5
2967,-3.4864774,-2.0466795,6
2968,-2.1509337,-0.3661028,0
2969,-2.8760257,-0.92203337,1
2970,-1.9622713,-0.57881427,2
2971,-2.0615087,-0.06606734,3
2972,-2.4048164,-0.9928286,4
2973,-2.7704203,-1.5340443,5
2974,-3.6919563,-0.84907115,6
2975,-2.478151,-0.7160362,0
2976,-2.6569483,-0.704166,1
2977,-2.296911,-1.2430804,2
2978,-2.3318172,-1.287113,3
2979,-3.1947913,-0.56375134,4
2980,-2.879497,-1.331147,5
2981,-3.142414,-1.8889782,6
2982,-1.3518964,0.3524871,0
2983,-3.0592933,-1.1866311,1
2984,-2.3443296,-1.2696209,2
2985,-2.6541793,-0.9518205,3
2986,-2.8470554,-1.3797239,4
2987,-3.1949103,-1.3955342,5
2988,-4.0176067,-1.5589542,6
2989,-2.3902404,-0.67873746,0
2990,-2.1981492,-1.1669708,1
2991,-2.5303566,-1.1901642,2
2992,-2.2457085,-1.4807016,3
2993,-2.9817078,-0.5586378,4
2994,-2.6161153,-1.6268278,5
2995,-3.6657474,-1.2271018,6
2996,-2.0425692,0.14016014,0
2997,-3.0264878,-1.0778016,1
2998,-2.0308309,-1.3349093,2
2999,-2.4611251,-0.7648456,3
3000,-2.7181282,-1.8154244,4
3001,-2.8042274,-1.382107,5
3002,-2.4698858,-0.95392436,6
3003,-1.970313,-0.69991386,0
3004,-2.915726,-1.0884571,1
3005,-2.227861,-0.81840074,2
3006,-2.8309245,-0.51513076,3
3007,-2.5250776,-1.5866356,4
3008,-2.8903809,-1.3645232,5
3009,-3.4886515,-1.6445237,6
3010,-2.0026875,-0.24924636,0
3011,-2.7844083,-1.29278,1
3012,-2.3119,-1.4130311,2
3013,-2.8544574,-1.1129783,3
3014,-2.8600564,-1.0478224,4
3015,-2.8277419,-0.94579625,5
3016,-3.291288,-1.5468684,6
3017,-2.4675233,-0.5605465,0
3018,-2.888655,-1.1252311,1
3019,-2.4539733,-1.510863,2
3020,-1.5099711,-1.5153334,3
3021,-2.7998898,-1.9304223,4
3022,-3.135624,-0.8392266,5
3023,-2.8122253,0.062637925,6
3024,-2.313221,-0.16036251,0
3025,-2.405837,-0.76222456,1
3026,-2.5951862,-1.0799195,2
3027,-2.1065996,-0.3416028,3
3028,-2.7377694,-0.96180415,4
3029,-3.1504931,-1.2259654,5
3030,-3.181647,-1.5462046,6
3031,-2.3780737,-1.3015466,0
3032,-2.7603133,-0.53510606,1
3033,-2.7816496,-1.5306413,2
3034,-2.5187137,-1.1585419,3
3035,-2.5201044,-1.2084794,4
3036,-2.8168106,-0.88163245,5
3037,-4.180658,-2.7241096,6
3038,-1.9637722,-0.24039698,0
3039,-2.9020495,-1.1441617,1
3040,-2.6376271,-0.81770265,2
3041,-2.1251218,-1.7647766,3
3042,-2.0578823,-2.2570324,4
3043,-3.37933,-1.0824288,5
3044,-3.461999,-1.8706475,6
3045,-2.1192489,0.26260704,0
3046,-2.1862214,-0.90316254,1
3047,-2.5671034,-0.9276505,2
3048,-2.3816435,-1.279351,3
3049,-3.6159549,-1.2622986,4
3050,-2.6281116,-2.1565526,5
3051,-2.6860218,-1.2959081,6
3052,-2.0879388,0.020971775,0
3053,-2.1565917,-0.8130116,1
3054,-2.551598,-1.17156,2
3055,-2.3715286,-1.2974408,3
3056,-2.3794482,-1.205384,4
3057,-2.8144195,-0.80010843,5
3058,-3.3052096,-1.1881403,6
3059,-2.1621225,-0.46274805,0
3060,-2.215714,-1.0575411,1
3061,-2.6154866,-1.522944,2
3062,-2.4071376,-1.4323087,3
3063,-3.346651,0.36852705,4
3064,-2.3166366,-1.5008218,5
3065,-3.7736266,-2.114858,6
3066,-2.809248,-0.905655,0
3067,-2.8180199,-1.2232311,1
3068,-2.6768672,-1.3963866,2
3069,-2.8674257,-1.5702077,3
3070,-2.8008249,-0.9541645,4
3071,-2.9864106,-1.542383,5
3072,-2.5643277,-1.0927727,6
3073,-1.5918902,0.4740222,0
3074,-2.326593,-1.0355866,1
3075,-2.5939798,-1.655086,2
3076,-2.166787,-0.37161666,3
3077,-2.6321247,-1.8950186,4
3078,-3.0859196,-0.99905235,5
3079,-3.0299094,-0.989612,6
3080,-2.7038403,-0.5687994,0
3081,-2.780927,-1.278701,1
3082,-2.2307966,-0.7152357,2
3083,-2.4410012,-1.2200636,3
3084,-2.821608,-1.4345365,4
3085,-3.0518708,-1.0066102,5
3086,-3.150976,-1.0331432,6
3087,-1.8954027,-0.41036963,0
3088,-2.5896063,-0.49521026,1
3089,-2.1874616,-0.8443156,2
3090,-2.2909606,-0.71255267,3
3091,-2.909073,-0.68770725,4
3092,-2.8832202,-1.8746371,5
3093,-2.6275935,-1.2052579,6
3094,-2.332544,-0.3622691,0
3095,-2.3376813,-0.6369777,1
3096,-2.1806464,-1.2861346,2
3097,-2.848859,-1.8297517,3
3098,-2.9046383,-1.582473,4
3099,-2.2497177,-1.8699431,5
3100,-3.0697923,-1.4645641,6
3101,-2.305872,-0.26069045,0
3102,-2.788289,-0.7343557,1
3103,-2.5520444,-0.9875623,2
3104,-2.579268,-0.8659991,3
3105,-2.867476,-1.88833,4
3106,-2.9553058,-1.8342535,5
3107,-3.7412183,-1.3212374,6
3108,-2.054124,-0.25087473,0
3109,-2.433383,-1.2422782,1
3110,-2.498444,-0.94113207,2
3111,-1.9128838,-1.072376,3
3112,-2.917524,-1.436019,4
3113,-2.7715087,-1.3369437,5
3114,-3.5795681,-0.7771535,6
3115,-2.2644708,-0.47750485,0
3116,-2.5944052,-0.83983,1
3117,-2.080863,-0.84870505,2
3118,-1.6937162,-0.55143857,3
3119,-3.274024,-0.27562213,4
3120,-2.8457859,-0.76643133,5
3121,-3.2280214,-1.2473524,6
3122,-1.6512074,0.1794321,0
3123,-2.5407045,-0.81732213,1
3124,-2.8318024,-1.5361664,2
3125,-1.9696325,-1.1731943,3
3126,-2.914075,-0.21795952,4
3127,-2.871216,-1.5199716,5
3128,-3.4337244,-0.79722315,6
3129,-1.9230355,-0.5844078,0
3130,-3.008201,-0.68375146,1
3131,-2.3792539,-0.5804921,2
3132,-2.4755218,-1.2016997,3
3133,-2.652024,-1.5904241,4
3134,-3.2144709,-0.66665757,5
3135,-3.9647958,-1.8726503,6
3136,-1.8564626,-0.39563102,0
3137,-3.0264642,-1.1213225,1
3138,-2.5992417,-1.1591637,2
3139,-2.7513008,-0.9448752,3
3140,-3.1527338,-1.3828955,4
3141,-2.1634338,-2.5146224,5
3142,-2.8405223,-0.85499597,6
3143,-2.4902663,-0.42307234,0
3144,-2.983093,-1.3214502,1
3145,-2.3668818,-1.0947703,2
3146,-3.1858919,-1.2577803,3
3147,-3.4229312,-1.261843,4
3148,-3.307981,-1.5731312,5
3149,-4.1244073,-0.6874992,6
3150,-2.6758258,-1.6370966,0
3151,-2.8054452,-1.0910858,1
3152,-2.9235346,-1.4618353,2
3153,-2.5365407,-0.5633848,3
3154,-2.6980505,-1.388066,4
3155,-3.169786,-0.79385495,5
3156,-3.159667,-1.2581161,6
3157,-2.1791403,-0.38996428,0
3158,-2.8541603,-0.93006885,1
3159,-2.340043,-1.3002131,2
3160,-2.2540333,-0.9779409,3
3161,-2.5641265,-2.2232823,4
3162,-2.5612283,-1.5229905,5
3163,-3.7539618,-2.1108282,6
3164,-2.329633,-0.020521581,0
3165,-2.5764284,-0.2987432,1
3166,-2.5305908,-1.3192792,2
3167,-2.495232,-1.1493564,3
3168,-2.3923001,-0.8739145,4
3169,-3.1817703,-1.9539155,5
3170,-3.9482255,-1.9825723,6
3171,-2.476572,-0.3392111,0
3172,-2.8254972,-1.0776892,1
3173,-2.2398622,-1.4217306,2
3174,-3.46672,-1.9752501,3
3175,-2.9814322,-1.7236732,4
3176,-3.0862439,-1.4541816,5
3177,-3.8565285,-1.7389023,6
3178,-1.5262632,0.39169055,0
3179,-2.633737,-1.3490984,1
3180,-2.5508356,-1.1931571,2
3181,-2.690613,-0.48261407,3
3182,-3.2073014,-0.7588786,4
3183,-2.8284698,-1.1855711,5
3184,-3.5594997,-1.0830086,6
3185,-2.6569142,-1.3987284,0
3186,-2.7070868,-1.0537753,1
3187,-2.5445008,-1.2281048,2
3188,-1.7166901,0.011732161,3
3189,-2.4938633,-2.85105,4
3190,-2.2197912,-1.9283061,5
3191,-3.189444,-1.2445878,6
3192,-2.2774153,-1.1324941,0
3193,-3.0877166,-1.4008799,1
3194,-2.3344219,-0.9223062,2
3195,-2.7002819,-0.8271657,3
3196,-3.0943131,-0.9156934,4
3197,-2.7816308,-0.8342736,5
3198,-3.2066066,-0.6424513,6
3199,-1.5216336,-0.035252392,0
3200,-2.1890879,-0.1429956,1
3201,-2.3807085,-1.5950925,2
3202,-2.6696455,-1.1308057,3
3203,-3.0159419,-1.2612379,4
3204,-2.9983773,-0.67594415,5
3205,-4.148655,-2.3695319,6
3206,-1.9064635,-0.2153542,0
3207,-2.645272,-1.4818957,1
3208,-2.523221,-1.1082058,2
3209,-2.2031858,-1.6024394,3
3210,-2.4172823,-1.8213403,4
3211,-2.3056767,-2.0203176,5
3212,-3.3754048,-1.1649632,6
3213,-1.8286577,-0.24647307,0
3214,-2.5895298,-0.28069252,1
3215,-2.2785225,-1.0951279,2
3216,-2.6821628,-1.1954966,3
3217,-2.9096725,-1.9064592,4
3218,-3.5135891,-0.650483,5
3219,-3.3131514,-2.010192,6
3220,-2.1783211,-0.42038327,0
3221,-2.7721367,-0.7242026,1
3222,-2.4917982,-1.233989,2
3223,-2.2412698,0.0072206855,3
3224,-2.5797908,-2.0833545,4
3225,-2.7997613,-1.1614468,5
3226,-3.9364467,-1.8168292,6
3227,-2.1277955,-0.30568492,0
3228,-2.3833213,-1.1664084,1
3229,-2.6856077,-1.3926237,2
3230,-1.9305482,-0.9669382,3
3231,-2.9860947,-1.48493,4
3232,-2.4038181,-1.6647198,5
3233,-2.9796596,-0.6264986,6
3234,-2.1291163,-0.8466064,0
3235,-2.5973854,-0.9331065,1
3236,-2.504696,-1.1915177,2
3237,-2.4187493,-1.3051617,3
3238,-2.1461272,-1.6624986,4
3239,-2.4440906,-2.2946973,5
3240,-3.2666123,-1.1719179,6
3241,-2.2355523,-0.9799376,0
3242,-2.2028382,-0.42341763,1
3243,-2.3210506,-0.75812185,2
3244,-2.4164982,-0.9108692,3
3245,-3.1060884,-1.284094,4
3246,-3.632029,-1.2853204,5
3247,-3.3798532,-1.081877,6
3248,-2.6935701,-0.84381497,0
3249,-3.2762396,-1.1327704,1
3250,-2.3299725,-1.5094517,2
3251,-2.0824661,-1.563112,3
3252,-2.8472753,-1.5548292,4
3253,-2.826652,-1.8901978,5
3254,-2.5298374,-1.3964708,6
3255,-1.7678075,-0.2055318,0
3256,-2.8188648,-0.8209848,1
3257,-2.3803637,-1.329484,2
3258,-2.3132672,-0.6576296,3
3259,-3.0300665,-1.6227195,4
3260,-2.4533029,-1.6746831,5
3261,-3.5991297,-0.6970033,6
3262,-1.7568934,-0.18055701,0
3263,-2.6728404,-0.47182122,1
3264,-2.8819213,-1.1523783,2
3265,-2.196149,-1.1197606,3
3266,-2.8927028,-1.7852353,4
3267,-3.1608436,-1.3935652,5
3268,-3.4519942,-1.7809868,6
3269,-2.4055185,-1.2216754,0
3270,-2.832224,-0.9219761,1
3271,-1.7412357,-0.95022523,2
3272,-2.5417309,-1.1740128,3
3273,-3.2417018,-0.9086051,4
3274,-2.3583999,-1.3606524,5
3275,-3.786223,-1.8346455,6
3276,-2.6143436,-1.306665,0
3277,-2.291814,-1.135844,1
3278,-2.7869139,-1.6102896,2
3279,-2.4085827,-0.52349937,3
3280,-3.0461574,-2.3958945,4
3281,-2.3287594,-1.487523,5
3282,-2.9554586,-1.3776991,6
3283,-2.0119412,-0.92301893,0
3284,-2.148844,-0.4937979,1
3285,-2.2930841,-1.5350875,2
3286,-2.4621458,-1.5006431,3
3287,-2.6798718,-0.49411565,4
3288,-2.4252634,-0.74083,5
3289,-3.2474074,-0.9197787,6
3290,-2.016155,-0.19103813,0
3291,-2.6873426,-0.90870357,1
3292,-2.802137,-0.9586463,2
3293,-1.7663054,-1.781533,3
3294,-2.985449,-0.44237322,4
3295,-2.583407,-1.4548603,5
3296,-3.0066242,-1.0922606,6
3297,-2.2531128,-0.9565704,0
3298,-2.8916757,-0.6664524,1
3299,-2.540634,-1.3909146,2
3300,-2.8534718,-1.2595456,3
3301,-3.0255394,-1.1843568,4
3302,-3.1049147,-0.7596101,5
3303,-3.4578052,-2.489656,6
3304,-1.9995838,-0.28345752,0
3305,-2.999424,-0.97964704,1
3306,-2.4764428,-0.9430898,2
3307,-2.1845796,-0.48494622,3
3308,-3.45178,-0.673249,4
3309,-2.4813852,-1.606527,5
3310,-3.5185916,-1.1910948,6
3311,-2.2108002,-0.54920274,0
3312,-2.8705175,-0.90737635,1
3313,-2.4274542,-1.1557895,2
3314,-2.739775,-1.3042758,3
3315,-2.7418811,-0.89173627,4
3316,-3.332992,0.43715,5
3317,-3.017654,-0.9030827,6
3318,-2.645072,-0.5608641,0
3319,-2.3769376,-0.5293466,1
3320,-2.3721936,-1.0163276,2
3321,-2.4666202,-0.97555304,3
3322,-3.557952,0.015282631,4
3323,-2.8643494,-1.7198055,5
3324,-3.3969479,-1.0434862,6
3325,-2.5625603,-0.25269523,0
3326,-2.3966577,-1.260232,1
3327,-2.7573745,-1.1732717,2
3328,-2.782365,-0.27241415,3
3329,-2.3680985,-1.5651541,4
3330,-2.7337914,-1.526998,5
3331,-2.7875865,-1.2235738,6
3332,-1.8610263,-0.39184687,0
3333,-2.7762928,-1.1885245,1
3334,-1.9726832,-0.85947603,2
3335,-2.560217,0.10009527,3
3336,-2.7103672,-1.8088973,4
3337,-2.5857534,-1.3796182,5
3338,-2.429378,-0.9640224,6
3339,-1.993621,-0.17533544,0
3340,-2.450135,-0.5845328,1
3341,-2.6622581,-1.7612631,2
3342,-1.9049947,-1.6078862,3
3343,-2.7238781,-0.8595467,4
3344,-3.2992449,-0.60110545,5
3345,-2.8412137,-0.57992345,6
3346,-1.6775059,-0.411049,0
3347,-2.2989933,-0.1872369,1
3348,-2.5639908,-1.265497,2
3349,-2.2851284,-0.616673,3
3350,-3.1113212,-1.750856,4
3351,-3.3563185,-0.039777637,5
3352,-2.7288244,-1.0335644,6
3353,-2.630963,-0.985535,0
3354,-2.4789734,-1.042758,1
3355,-2.0011222,-0.9192337,2
3356,-2.4818513,-0.99898016,3
3357,-2.9639354,-1.5969281,4
3358,-2.9645855,-2.3931887,5
3359,-3.627644,-1.4016325,6
3360,-2.19317,0.062214673,0
3361,-2.0181296,-1.0174943,1
3362,-2.5166106,-1.2890638,2
3363,-2.0965457,-0.3679359,3
3364,-3.413839,-0.037373543,4
3365,-2.668438,-0.9813481,5
3366,-3.287419,-0.93737566,6
3367,-2.2284548,0.0547629,0
3368,-2.8110454,-0.61246157,1
3369,-2.317588,-1.2199047,2
3370,-2.4405239,-0.8119927,3
3371,-2.6030576,-1.9126875,4
3372,-2.8959258,-1.8599311,5
3373,-4.269846,-1.9216288,6
3374,-2.3960478,-0.9044187,0
3375,-2.8146899,-1.1670103,1
3376,-2.6325386,-1.2987585,2
3377,-2.5803757,-1.0526582,3
3378,-3.1577559,-1.329622,4
3379,-2.683354,-1.1627667,5
3380,-3.887294,-1.7930831,6
3381,-2.238353,-1.0515647,0
3382,-2.07478,-0.35080183,1
3383,-2.408839,-1.1072861,2
3384,-2.004999,-0.7982906,3
3385,-3.0308998,-1.0998157,4
3386,-2.8299701,-0.7629746,5
3387,-2.927447,-1.2979244,6
3388,-2.1623704,-0.2372551,0
3389,-2.782079,-1.1655022,1
3390,-2.694474,-1.5091388,2
3391,-2.6182551,-0.43470353,3
3392,-2.3958356,-0.79850274,4
3393,-2.5508358,-1.9372573,5
3394,-2.1163936,-1.335868,6
3395,-2.2308369,-0.04728356,0
3396,-3.0639021,-1.2619861,1
3397,-2.8406472,-1.0210223,2
3398,-1.9061882,-0.9678352,3
3399,-3.5129733,-0.31086493,4
3400,-2.8011882,-1.7799649,5
3401,-3.6438084,-0.8499183,6
3402,-1.9289857,0.116645634,0
3403,-2.703736,-0.49173322,1
3404,-2.7365384,-1.4402711,2
3405,-2.384945,-1.9004111,3
3406,-2.6557074,-1.2439493,4
3407,-3.311948,-1.3994963,5
3408,-3.752381,-0.66961,6
3409,-1.9942106,-0.55854136,0
3410,-2.9127538,-1.1403388,1
3411,-2.3658476,-1.4829342,2
3412,-2.5130017,-0.78559566,3
3413,-2.929579,-1.3457369,4
3414,-2.9350014,-1.961226,5
3415,-3.340218,-0.09610808,6
3416,-2.0851,-0.6382377,0
3417,-2.4929903,-0.88955766,1
3418,-2.2661624,-0.8615521,2
3419,-2.2316804,-1.3645157,3
3420,-2.6649506,-1.9245567,4
3421,-3.1173213,-0.39044303,5
3422,-3.4249055,-0.62983733,6
3423,-2.5481336,-1.1625645,0
3424,-2.309731,-0.60693896,1
3425,-2.415074,-1.3681729,2
3426,-2.1892233,-1.4356382,3
3427,-2.109005,-2.4256725,4
3428,-2.593812,-2.2074423,5
3429,-3.0343442,-1.480688,6
3430,-2.0735073,0.011208534,0
3431,-2.9752836,-1.0609345,1
3432,-2.5498827,-0.8402133,2
3433,-2.1121538,-1.9480877,3
3434,-2.7387052,-1.8998694,4
3435,-3.1306882,-1.6291001,5
3436,-3.5860991,-0.4376173,6
3437,-2.0632513,-0.71977746,0
3438,-2.84768,-1.4205425,1
3439,-2.8128035,-1.238007,2
3440,-2.4400463,-1.1729499,3
3441,-2.162146,-1.6803472,4
3442,-2.7343333,-1.1196644,5
3443,-2.8560565,-1.2929856,6
3444,-1.7842891,0.34623522,0
3445,-2.7344358,-1.1894069,1
3446,-2.3649802,-1.3709817,2
3447,-2.4912362,0.07380569,3
3448,-2.5654616,-1.6018966,4
3449,-3.170032,-0.771092,5
3450,-3.8680356,-1.3985693,6
3451,-2.3904772,-0.6759219,0
3452,-2.9847507,-0.904443,1
3453,-2.316624,-1.1009798,2
3454,-1.8563399,-0.7941065,3
3455,-3.4062781,-0.30102682,4
3456,-3.3795865,-0.9437988,5
3457,-2.9881005,-1.5167212,6
3458,-1.490299,0.24321496,0
3459,-3.2244215,-1.1085819,1
3460,-2.7991972,-1.5709114,2
3461,-2.2855237,-1.0329884,3
3462,-2.4717393,-1.8520645,4
3463,-2.6337745,-1.1886082,5
3464,-3.7372966,-1.8297325,6
3465,-2.3700793,-1.1061289,0
3466,-2.7225833,-0.6447442,1
3467,-2.4809215,-0.91192114,2
3468,-2.208117,-0.46895725,3
3469,-3.2347832,-0.97687805,4
3470,-2.1605382,-2.423574,5
3471,-3.0267835,-2.0561755,6
3472,-1.9561677,-0.3304367,0
3473,-2.565575,-1.5365515,1
3474,-2.527095,-1.0335467,2
3475,-2.5260913,-0.11261767,3
3476,-2.3943448,-1.1432787,4
3477,-2.9168417,-1.1635934,5
3478,-3.7261524,-0.8853177,6
3479,-1.7680587,-0.17470303,0
3480,-3.1927075,-1.0434746,1
3481,-2.4128804,-0.9273805,2
3482,-2.4496129,-0.83314216,3
3483,-3.0956635,-0.92151093,4
3484,-3.0251913,-1.1505439,5
3485,-3.730317,-1.1720314,6
3486,-2.0992422,-0.36504337,0
3487,-3.146158,-1.3307886,1
3488,-2.434586,-1.1574463,2
3489,-2.8776553,-1.0822717,3
3490,-2.704158,-1.7335145,4
3491,-2.9159758,-2.0557733,5
3492,-3.6473353,-1.7685274,6
3493,-2.4256468,-0.5971135,0
3494,-2.4753458,-0.517923,1
3495,-2.4499745,-1.1334219,2
3496,-2.5914934,-0.6437787,3
3497,-3.060315,-1.4456226,4
3498,-2.9633694,-0.7035383,5
3499,-3.0204318,-1.223831,6
