,dec temp,habitual tendency,subject
0,4.9646144,2.083593,0
1,1.5967796,2.0707357,1
2,0.24471717,3.6093807,2
3,1.4995744,5.243044,3
4,1.7290853,3.824456,4
5,1.1167405,3.0366495,5
6,0.64910066,2.8046439,6
7,2.7986593,1.6575016,0
8,2.231154,2.845028,1
9,1.6829419,4.025518,2
10,0.9285723,3.862997,3
11,1.764909,1.7617321,4
12,0.913052,2.9458332,5
13,1.0768212,3.4833133,6
14,1.5743794,3.4735796,0
15,1.4639361,2.6302385,1
16,1.7323079,1.9979893,2
17,0.9151251,6.542741,3
18,1.253896,1.9447939,4
19,1.0540755,5.456743,5
20,3.4118094,2.9699383,6
21,3.9459972,1.0567532,0
22,3.3561466,3.2364712,1
23,2.3837109,3.4499576,2
24,2.1646576,4.730603,3
25,1.2680395,3.3818426,4
26,1.2844896,4.9477954,5
27,1.0298617,2.6438527,6
28,1.4354608,1.6904867,0
29,2.4786396,3.7841506,1
30,6.232765,3.5376441,2
31,0.6219267,1.9330823,3
32,1.4718127,4.2937727,4
33,0.8049581,5.5277677,5
34,0.49550563,2.5390508,6
35,2.0561025,2.5842104,0
36,1.2791643,3.5696282,1
37,1.157179,2.672734,2
38,3.4183552,4.314916,3
39,2.0070264,3.1660318,4
40,3.7632847,1.1400349,5
41,0.6408805,1.2164384,6
42,3.0848193,2.144778,0
43,1.2234418,3.5152328,1
44,0.9382831,2.9178472,2
45,2.2910697,3.2681725,3
46,0.8908341,4.4735703,4
47,1.7886208,2.7137268,5
48,0.89944565,3.5633273,6
49,1.772367,1.5441456,0
50,0.31377983,4.39624,1
51,1.3820009,2.3434834,2
52,2.0494027,3.8649406,3
53,1.1233108,4.8570127,4
54,0.9341482,3.483957,5
55,0.9841788,1.8316664,6
56,1.4072245,3.3746746,0
57,2.0856924,2.8528001,1
58,1.5982835,4.842777,2
59,1.1367317,3.3267722,3
60,1.714344,3.5124633,4
61,1.2283018,5.0779524,5
62,1.8876909,4.401758,6
63,2.958181,1.4748955,0
64,1.1649798,2.9787784,1
65,0.9643649,3.6055884,2
66,1.1030307,1.3640037,3
67,2.154691,2.5104885,4
68,0.8853694,4.019454,5
69,3.6031222,2.1747198,6
70,6.117857,0.8112922,0
71,1.3446511,3.3488057,1
72,1.1618422,3.009439,2
73,0.7951393,1.9404993,3
74,0.9966295,4.7361765,4
75,1.8762833,4.675395,5
76,0.73245573,5.512747,6
77,3.3817828,1.2544454,0
78,0.8299324,2.9919806,1
79,2.5305388,3.052572,2
80,1.015552,3.5199225,3
81,1.433519,4.1774564,4
82,1.8210535,4.4241705,5
83,1.294225,3.2145035,6
84,1.6347291,2.0530698,0
85,2.75498,3.0321412,1
86,1.2827528,3.696833,2
87,0.9044135,2.760014,3
88,1.90292,3.1204057,4
89,0.75911945,3.5507324,5
90,3.3787777,2.2615342,6
91,0.15663081,5.147213,0
92,4.0476665,3.1310298,1
93,2.6496806,2.5765917,2
94,1.6555288,3.6197937,3
95,0.94444835,3.046505,4
96,1.6053221,2.6701074,5
97,3.7111986,2.7510598,6
98,2.5760608,1.4170275,0
99,1.4282353,4.712519,1
100,2.479306,3.4819098,2
101,0.91494864,3.4130964,3
102,1.0420318,2.592795,4
103,1.0964371,4.827341,5
104,1.1372635,3.7138698,6
105,1.133416,1.6136181,0
106,1.1690636,2.4459805,1
107,0.78350806,2.2413495,2
108,2.3368793,3.6380553,3
109,1.1258991,4.6108065,4
110,1.1145939,4.777853,5
111,0.56912357,4.6672673,6
112,0.505752,2.91407,0
113,0.32652038,4.933556,1
114,3.6940427,2.6686978,2
115,1.737637,2.5141943,3
116,1.7424201,4.0805855,4
117,0.8580506,4.5624747,5
118,2.5348809,3.1688008,6
119,1.5819777,2.3331096,0
120,4.678603,3.6826587,1
121,0.4328906,2.8004594,2
122,1.0948238,2.4528227,3
123,0.9309146,3.8347986,4
124,1.6077889,4.6735225,5
125,1.8103642,2.8493466,6
126,1.0798726,4.176366,0
127,0.7933943,2.609347,1
128,0.651183,2.1899219,2
129,3.3853545,2.8147748,3
130,0.72789425,3.6954908,4
131,0.43023172,5.231041,5
132,1.8855164,2.924342,6
133,0.42121208,5.544779,0
134,1.953172,1.8704802,1
135,4.495658,3.2906246,2
136,1.0546533,1.7635072,3
137,2.4591515,1.5128717,4
138,1.1183654,2.0259657,5
139,0.780579,1.9564762,6
140,1.7369682,2.643311,0
141,3.3266363,4.617662,1
142,0.75239885,3.9379194,2
143,3.6735475,3.8505175,3
144,1.1807296,1.8928028,4
145,1.1412164,5.2667933,5
146,0.4830852,0.62961394,6
147,2.2843316,1.721205,0
148,2.287571,1.6983284,1
149,0.4785601,4.959865,2
150,2.1428351,2.621639,3
151,0.73147976,2.8795238,4
152,0.85886115,2.8300853,5
153,0.37114862,4.3525105,6
154,0.6462774,3.0303245,0
155,1.7566581,4.3595624,1
156,1.7634466,3.830492,2
157,1.9455013,4.298069,3
158,1.5377104,2.4081278,4
159,1.7211897,3.1984677,5
160,0.88316506,2.4851882,6
161,1.2670553,3.8331459,0
162,2.7834983,3.7839363,1
163,0.78273773,3.7765884,2
164,1.2103883,5.215373,3
165,0.995196,2.1279492,4
166,1.5532887,3.959517,5
167,0.19066483,3.5109472,6
168,1.2975197,2.3630981,0
169,3.1326175,2.5658453,1
170,1.3875288,4.703893,2
171,1.2993051,4.437482,3
172,1.1287949,4.47889,4
173,1.4761145,2.9434724,5
174,2.4631202,4.1071076,6
175,0.38685006,3.7128136,0
176,1.1033254,2.7350254,1
177,2.1087017,2.954567,2
178,1.4676237,2.3878164,3
179,1.5487914,2.8053331,4
180,1.1153706,2.9085076,5
181,0.92780507,2.7914712,6
182,0.8165247,4.6076517,0
183,0.31976846,3.4771156,1
184,2.2677033,2.1804464,2
185,0.77411896,4.688691,3
186,1.2465845,2.8412771,4
187,1.8660754,2.7714584,5
188,1.6053829,2.9053059,6
189,2.1296718,1.499036,0
190,6.3713555,2.7238631,1
191,2.618561,3.8652506,2
192,0.50026894,2.9178944,3
193,1.3709776,2.228157,4
194,1.6561165,3.8420105,5
195,1.4159226,2.3732076,6
196,1.2235217,3.762032,0
197,2.5327632,2.4926083,1
198,4.816846,2.5209436,2
199,0.53086543,2.9526412,3
200,2.3727508,1.6715788,4
201,0.8089242,4.7503333,5
202,1.2030365,1.9926988,6
203,0.094805576,6.496231,0
204,0.5831442,3.787955,1
205,0.46163413,2.0957718,2
206,1.8651862,4.634411,3
207,0.71094275,3.9151332,4
208,0.76572466,3.5288575,5
209,1.1145687,3.059506,6
210,1.7255654,2.9514883,0
211,2.7989454,2.609901,1
212,0.55987483,3.5262892,2
213,0.8314019,5.862363,3
214,1.7463357,1.4559747,4
215,2.9034338,2.9906316,5
216,0.4329565,3.309734,6
217,0.7520939,3.469234,0
218,2.4092786,3.9866595,1
219,2.075915,2.630002,2
220,0.38297677,1.7948358,3
221,2.591724,3.1222079,4
222,1.8091458,3.2571294,5
223,0.7104279,1.6750664,6
224,3.0556006,1.6376686,0
225,0.7980141,5.2878695,1
226,0.99929726,6.135727,2
227,0.804693,4.116543,3
228,1.4277236,5.916903,4
229,0.49587184,5.999915,5
230,1.3216716,1.3634157,6
231,1.3627889,2.2122104,0
232,1.2959034,3.6776063,1
233,4.9561434,3.4415164,2
234,1.0911223,2.794696,3
235,1.2020118,2.9459572,4
236,1.8329215,2.0900662,5
237,2.637784,2.402596,6
238,1.7603498,3.4419405,0
239,2.9250727,3.2112267,1
240,1.3344777,2.2402928,2
241,2.451109,1.1315296,3
242,1.3629038,5.109996,4
243,1.5587407,3.7657413,5
244,1.2263616,2.6629364,6
245,0.14330542,5.5539846,0
246,0.59439456,2.8845975,1
247,0.21242791,2.0447967,2
248,2.1095052,1.7676017,3
249,0.6507473,3.3231866,4
250,1.0779521,3.0763783,5
251,1.2498894,3.1959429,6
252,1.2220368,5.7318716,0
253,1.8854764,3.8141804,1
254,5.9514656,2.8375182,2
255,1.8936155,1.8678964,3
256,2.1964738,2.1435144,4
257,1.0678778,3.3961,5
258,1.2471402,3.3605113,6
259,1.1793675,2.9621217,0
260,0.49288166,4.241431,1
261,0.5436286,2.8710392,2
262,0.78616834,3.018205,3
263,0.969655,3.0834599,4
264,0.8335048,5.381103,5
265,1.0472019,2.65376,6
266,0.5754808,3.0567393,0
267,1.4603912,2.9538288,1
268,3.227792,2.1644206,2
269,0.5265344,4.835643,3
270,1.6454917,2.5671597,4
271,1.366161,2.9542618,5
272,0.5986,2.9606376,6
273,2.4167452,1.6326576,0
274,5.158164,4.3761277,1
275,1.394531,3.5583262,2
276,1.2235411,1.4498093,3
277,1.5082318,3.8305259,4
278,1.5298553,3.990824,5
279,1.2464695,3.2065296,6
280,1.7503203,2.2429159,0
281,0.35874057,3.6870723,1
282,0.22050518,1.7892494,2
283,2.347378,2.6654067,3
284,0.8718362,4.0642204,4
285,1.0926147,4.1768913,5
286,1.7580123,1.4693683,6
287,1.465436,2.0799694,0
288,1.391585,2.8729115,1
289,1.3591217,1.9999764,2
290,2.7035408,1.177583,3
291,1.5920298,3.734685,4
292,0.80309343,5.6435947,5
293,0.7572636,2.3139129,6
294,1.0026269,3.433758,0
295,3.12824,2.531505,1
296,0.12969582,2.3854103,2
297,1.5786786,1.565395,3
298,1.0352517,3.103347,4
299,1.2459217,2.5347698,5
300,1.1769695,3.1523724,6
301,0.6214198,2.6098552,0
302,2.6821885,2.1014032,1
303,2.9998307,3.6229208,2
304,0.6077936,2.7521088,3
305,1.552607,3.5522451,4
306,3.4094238,2.3687377,5
307,0.89896786,1.7725298,6
308,2.3845868,2.0148172,0
309,4.506609,2.913424,1
310,0.39449278,3.0292163,2
311,0.5942104,2.0067163,3
312,1.0288808,3.7129595,4
313,1.9366955,2.445656,5
314,2.4305124,3.0416486,6
315,2.2555854,3.790297,0
316,0.3966028,3.6673985,1
317,1.566385,3.0787039,2
318,0.79659235,3.0649147,3
319,1.2786053,1.2612183,4
320,0.6964085,4.0720105,5
321,3.7967916,3.1933138,6
322,1.6682602,2.2324011,0
323,2.0606275,2.4517236,1
324,2.6611853,3.219376,2
325,0.45819157,2.310147,3
326,0.8212044,2.7577386,4
327,0.95685065,1.9774069,5
328,1.0264263,2.0221345,6
329,1.2430466,2.7026594,0
330,5.786725,1.8141682,1
331,4.556505,3.5833023,2
332,0.46571976,1.1721842,3
333,1.281102,2.4186177,4
334,0.9555936,5.180428,5
335,1.3137279,2.7199864,6
336,1.5813495,4.488573,0
337,0.6031161,4.411669,1
338,1.2461268,1.9611359,2
339,0.5835014,1.4661708,3
340,2.0662467,3.1932669,4
341,2.027417,2.6395955,5
342,2.669447,2.5072842,6
343,0.5493158,3.8049464,0
344,4.3698106,1.7046247,1
345,1.4395106,2.8289266,2
346,1.6563327,2.418538,3
347,2.0157073,2.5046327,4
348,0.99206054,3.0449317,5
349,0.352411,1.9362344,6
350,1.1806973,3.203199,0
351,0.6261468,4.077211,1
352,2.0256045,2.7401223,2
353,2.2077987,4.892111,3
354,1.7745818,2.1573477,4
355,0.47779647,5.655623,5
356,1.1682334,4.226391,6
357,1.197635,2.7783756,0
358,1.7205358,4.0722475,1
359,0.69267505,1.5408447,2
360,0.4921119,3.1949744,3
361,1.3943981,4.012132,4
362,0.9432011,4.546924,5
363,2.2033129,3.7740207,6
364,1.8466296,1.9162022,0
365,1.6299937,4.1607914,1
366,0.2901187,2.3119924,2
367,0.39787915,0.7911965,3
368,2.2713833,3.3632815,4
369,1.0852163,1.6518703,5
370,1.3064545,3.4339209,6
371,0.2986851,4.6390657,0
372,0.2623215,3.7778983,1
373,1.1678469,4.4484844,2
374,1.5265925,3.8315322,3
375,2.333125,3.0106688,4
376,1.8148799,2.1759248,5
377,1.2041007,2.0393627,6
378,3.670876,2.3305502,0
379,1.4379253,2.586278,1
380,1.5115094,2.7414143,2
381,1.167229,1.5527247,3
382,1.6140347,1.5862125,4
383,0.43086433,3.9500065,5
384,0.42593285,2.0753129,6
385,2.7386327,2.7689576,0
386,0.5073062,3.456934,1
387,0.40109858,3.4383287,2
388,1.7132479,3.6564252,3
389,1.617084,2.8945298,4
390,1.4254937,2.5593054,5
391,1.7998426,2.8478482,6
392,1.1293448,3.1883779,0
393,0.88473547,2.0092175,1
394,1.8611223,2.6960635,2
395,1.4350946,2.2132673,3
396,1.2391694,3.2568789,4
397,1.8677452,3.7832437,5
398,1.7843817,1.2527375,6
399,3.0401967,1.7115749,0
400,3.9908543,4.0231333,1
401,0.8085582,3.524826,2
402,1.0863931,5.901719,3
403,0.6673372,5.5923567,4
404,1.4947131,4.7427883,5
405,0.3925788,2.9118931,6
406,4.867636,1.4045376,0
407,1.5901686,2.7420154,1
408,2.9187174,3.4650726,2
409,1.7353946,2.5128665,3
410,1.8172978,2.7188911,4
411,1.8114133,2.694411,5
412,2.6237917,2.5415826,6
413,0.10057689,7.249229,0
414,1.4344186,3.3086407,1
415,3.8400087,2.9250124,2
416,1.3918302,4.6990166,3
417,1.2692243,4.177523,4
418,0.8794859,4.181836,5
419,1.6159271,1.1928576,6
420,2.5245562,1.4749073,0
421,0.8913127,2.6264534,1
422,5.7719083,5.0019317,2
423,0.68946314,4.503822,3
424,1.4833913,4.6338434,4
425,1.3652848,2.243254,5
426,1.5471281,3.2157626,6
427,0.51723385,3.521562,0
428,0.647347,3.2667294,1
429,3.4867172,1.6532781,2
430,1.3099768,2.2818093,3
431,2.6119332,2.0126567,4
432,0.52411354,3.2282982,5
433,1.5707856,1.5329856,6
434,0.67844445,4.992502,0
435,1.3313223,2.4248574,1
436,1.3608391,3.846621,2
437,1.8016268,1.55635,3
438,0.8742355,4.368549,4
439,0.8265766,4.2286253,5
440,1.1065316,2.1972337,6
441,3.004249,1.5641685,0
442,6.9907103,1.8874633,1
443,2.8990648,4.4518743,2
444,1.4758275,2.2995324,3
445,1.54135,3.8892744,4
446,0.41131464,4.2713013,5
447,0.9022037,1.4792881,6
448,1.3294922,3.0369499,0
449,4.439019,3.6664722,1
450,0.71994674,4.0247245,2
451,1.1872537,4.3608613,3
452,1.0945358,2.965635,4
453,0.76769733,3.9602485,5
454,1.2220491,5.6635246,6
455,1.1096727,4.6742373,0
456,0.40513074,2.5507622,1
457,2.2859402,2.0965855,2
458,2.9008482,4.187102,3
459,1.1175325,4.5091705,4
460,2.3382988,3.7069478,5
461,1.6671354,2.3554893,6
462,1.8344678,1.9842098,0
463,2.6914034,3.5298786,1
464,2.4150226,3.3270316,2
465,1.2671576,1.2701243,3
466,1.5035713,3.4340768,4
467,2.0187495,4.2986493,5
468,1.6283052,3.9438584,6
469,0.7243499,3.965472,0
470,1.7246237,3.130437,1
471,3.0782235,3.1429024,2
472,3.1149445,2.2111874,3
473,1.6292567,2.2877603,4
474,0.39466265,2.6634712,5
475,1.5980163,1.392457,6
476,1.8282676,2.752173,0
477,0.8046091,3.968472,1
478,0.61954063,2.0947592,2
479,1.1546129,2.8181121,3
480,1.2943529,1.3476639,4
481,1.18254,3.232238,5
482,0.5688682,1.319254,6
483,0.4378179,2.9484222,0
484,0.6345642,2.7616787,1
485,2.4727197,4.7163897,2
486,1.4787867,2.1175287,3
487,1.8262802,3.0650449,4
488,1.9871544,2.3976812,5
489,0.90149295,2.76431,6
490,0.29955757,6.1996,0
491,1.5849121,3.6739423,1
492,3.583806,2.1917396,2
493,1.2509978,3.7044022,3
494,1.9718474,3.8172326,4
495,1.3713795,3.1305337,5
496,1.5419327,5.3939276,6
497,0.57147783,4.0081196,0
498,2.7891784,2.5133986,1
499,1.3895979,3.0720353,2
500,1.5413544,2.0086727,3
501,1.4896007,2.9137352,4
502,0.5443675,4.3760242,5
503,0.8298557,4.5943155,6
504,0.61518705,4.476323,0
505,2.753476,4.4468393,1
506,1.8110814,3.138119,2
507,0.7529605,3.483508,3
508,1.1003621,4.762323,4
509,2.3340712,3.5726023,5
510,1.4110874,1.3624749,6
511,2.4502988,1.0157089,0
512,0.5283875,4.186482,1
513,0.75124705,3.3320653,2
514,1.4246318,2.2312605,3
515,3.4503717,3.1110716,4
516,2.1422508,3.2289052,5
517,1.2552259,2.4415736,6
518,3.4268725,1.3151073,0
519,0.28715056,4.2505226,1
520,0.05832322,4.1912885,2
521,2.436352,2.9037359,3
522,1.5516628,3.9285848,4
523,0.8180422,4.4745545,5
524,0.9010455,1.88166,6
525,1.8574765,2.4348392,0
526,0.2955941,4.3282127,1
527,3.0683029,2.681891,2
528,1.0412796,5.343238,3
529,0.8194446,2.9748569,4
530,1.1266072,4.776817,5
531,1.0008035,3.7505412,6
532,0.9290768,1.988617,0
533,0.32426563,2.9242034,1
534,1.037359,3.992703,2
535,0.8119431,2.1560493,3
536,1.7425841,2.5372696,4
537,2.3737118,2.0437078,5
538,0.62487173,3.0967762,6
539,0.34590405,3.4247015,0
540,0.84979147,3.813043,1
541,0.5896176,5.326793,2
542,0.57315546,3.7493587,3
543,1.2448385,4.894203,4
544,1.6477215,3.5973632,5
545,0.45410526,2.8569098,6
546,1.1423944,1.8659456,0
547,0.6895611,3.095629,1
548,4.20229,4.072333,2
549,2.3695402,1.8594594,3
550,1.5377535,4.4184313,4
551,1.7340804,1.9327779,5
552,1.8204868,2.4525182,6
553,1.2471092,3.314066,0
554,1.361469,4.4898577,1
555,1.6322172,3.1449099,2
556,2.0567985,3.1199205,3
557,1.7859688,2.877524,4
558,0.6131648,4.302564,5
559,0.3291206,1.0551299,6
560,6.330696,0.58011186,0
561,3.2215025,4.9046474,1
562,0.8659725,2.5912273,2
563,0.7414229,3.101528,3
564,1.0273088,4.729822,4
565,1.0568966,3.5528688,5
566,0.81461346,2.6720974,6
567,2.0995297,2.6469195,0
568,0.8736087,2.6253202,1
569,0.4013638,2.9349568,2
570,3.1780338,3.130611,3
571,2.59418,4.372282,4
572,1.8047166,2.6388001,5
573,0.8414293,2.7903507,6
574,0.699217,4.120388,0
575,2.1347628,2.7464125,1
576,0.6531378,3.4900875,2
577,0.74472815,3.4616563,3
578,0.97891223,4.721468,4
579,1.6827298,3.766363,5
580,0.41020668,4.862797,6
581,1.5232162,3.3164632,0
582,1.2718949,3.3186438,1
583,1.8786383,2.4830792,2
584,0.4354629,2.7026474,3
585,1.3674344,1.968451,4
586,0.8813435,4.8200006,5
587,0.9432688,4.2484827,6
588,0.3087705,4.1851463,0
589,0.15426682,4.885725,1
590,0.119755,3.8743744,2
591,1.7089741,5.6393566,3
592,1.1018852,3.9008813,4
593,2.034594,4.3917537,5
594,1.1963068,3.2005527,6
595,2.186509,3.2176075,0
596,0.7275913,4.142674,1
597,4.2293344,3.301263,2
598,0.7662884,3.7032728,3
599,1.1744931,2.809455,4
600,1.3193984,4.5450683,5
601,1.0008491,2.0060682,6
602,1.52453,2.4488254,0
603,2.4878929,3.9395566,1
604,0.8311791,2.8354967,2
605,1.179426,2.3243423,3
606,2.6551476,5.2535124,4
607,1.5043302,4.2678256,5
608,1.1637249,1.4617013,6
609,1.3086689,2.6147962,0
610,2.196299,2.3783689,1
611,0.6549043,3.379587,2
612,0.80056643,3.084414,3
613,1.4456253,5.0928354,4
614,1.2170204,2.3584661,5
615,0.42999807,1.0630795,6
616,1.1657386,2.8394547,0
617,2.247186,4.8348327,1
618,1.0883946,2.7136123,2
619,1.415262,2.9696178,3
620,1.4901894,3.6791017,4
621,2.723304,2.4698672,5
622,1.2257472,3.138909,6
623,1.680379,2.134462,0
624,0.64270324,3.0380368,1
625,0.8166483,3.409176,2
626,0.65014064,1.6499275,3
627,0.60992646,3.8829403,4
628,1.3039353,3.9524696,5
629,0.260502,3.4134843,6
630,5.712966,0.9664023,0
631,4.4458227,2.8983762,1
632,2.8689992,3.1497192,2
633,4.5375466,7.1934457,3
634,1.6403406,3.0181649,4
635,1.5870209,2.2694018,5
636,0.3538826,1.0069928,6
637,2.145774,2.957572,0
638,2.3730123,5.5121894,1
639,4.085331,1.6347351,2
640,0.6620072,2.3722944,3
641,0.9830357,2.7941206,4
642,1.0492572,4.148769,5
643,0.5400378,1.6261518,6
644,3.28863,1.9297355,0
645,2.2692404,2.8113832,1
646,0.7548666,2.8495727,2
647,2.3266103,2.7099707,3
648,1.397197,2.7648842,4
649,1.4509647,2.9704533,5
650,0.5912568,1.0653582,6
651,0.41552097,5.7469773,0
652,1.5333359,2.250197,1
653,0.3729754,1.3868449,2
654,2.3181014,5.081215,3
655,1.5765178,2.5070856,4
656,1.4670279,2.009142,5
657,2.1223598,2.6162791,6
658,1.5434922,3.1792355,0
659,0.51159275,2.5606444,1
660,4.4604855,3.4225914,2
661,0.9894849,4.6202583,3
662,1.3281946,2.9993696,4
663,4.376934,1.9939842,5
664,1.1462216,2.5434494,6
665,0.34082508,3.864297,0
666,1.5635989,3.4898028,1
667,1.5841093,3.6276693,2
668,1.0523255,4.250698,3
669,2.335208,3.1508965,4
670,1.1935232,3.1314776,5
671,1.7866868,0.8802291,6
672,0.44055277,4.3626146,0
673,0.3088811,3.9920263,1
674,0.63956046,2.7250254,2
675,0.99740654,0.57407266,3
676,1.9388784,4.069684,4
677,0.82591146,2.08494,5
678,2.2316904,1.6367791,6
679,1.1801399,2.4384665,0
680,3.0485823,2.6089935,1
681,2.5779028,2.331114,2
682,0.81543994,3.5365295,3
683,2.5201657,2.3832936,4
684,3.156004,3.1221793,5
685,0.84987736,4.5102096,6
686,0.8553007,5.163371,0
687,1.0176617,4.0630207,1
688,2.6428726,2.2036736,2
689,1.1181912,2.8040907,3
690,1.1418812,2.4968336,4
691,2.2430303,4.2124047,5
692,0.31575784,1.5621705,6
693,3.1846685,1.443769,0
694,0.9519111,3.3390377,1
695,2.5912838,2.170631,2
696,0.3776871,2.2294605,3
697,1.7975872,3.448886,4
698,1.5172709,5.0736804,5
699,1.6000654,1.8416375,6
700,1.3092488,4.7395267,0
701,1.070183,4.9397044,1
702,0.9805688,1.4270129,2
703,1.2770376,2.3920364,3
704,0.9680804,4.4915023,4
705,1.8349433,2.80727,5
706,0.62545186,3.1788435,6
707,1.5516979,2.0931115,0
708,1.79448,3.8998723,1
709,1.2857945,2.0510957,2
710,0.8778279,2.2230377,3
711,1.5954282,2.8086243,4
712,1.7857617,4.8665733,5
713,0.76082116,2.6513143,6
714,1.6098874,1.502773,0
715,0.7578644,2.306525,1
716,0.14233421,2.4403474,2
717,0.4017356,1.1552871,3
718,1.1056496,2.1072009,4
719,1.440481,2.54139,5
720,0.78652906,3.4799254,6
721,1.3187915,3.9571273,0
722,3.4102533,2.7827978,1
723,1.5890684,3.9851756,2
724,0.791638,2.6883852,3
725,0.7510946,5.2459483,4
726,1.9544032,4.039446,5
727,2.2393038,2.9991584,6
728,2.1567564,2.5932336,0
729,0.5285355,3.2639039,1
730,0.8872003,3.4658422,2
731,1.0267835,1.9534312,3
732,1.6487497,3.3029058,4
733,2.0126886,2.13579,5
734,1.7267783,2.1047177,6
735,0.9648485,2.10434,0
736,1.1215936,2.8104827,1
737,0.5434035,3.8090687,2
738,0.43274266,1.6478723,3
739,0.5865817,4.204253,4
740,0.85115695,5.659301,5
741,2.0491621,4.1517553,6
742,1.0280465,3.3138309,0
743,0.5869233,3.1052284,1
744,1.5635128,2.5238404,2
745,1.1322769,4.6104584,3
746,1.3882744,3.8998008,4
747,1.0116205,3.6977088,5
748,0.5407202,4.0812197,6
749,2.5598946,2.3539398,0
750,2.7786117,3.8251722,1
751,0.3935869,2.7621717,2
752,1.1817502,4.746956,3
753,1.2028675,4.100946,4
754,1.5623981,4.2533784,5
755,0.16969107,1.5932554,6
756,0.72528696,2.5251844,0
757,3.1481922,5.960663,1
758,1.4292372,1.6733882,2
759,3.4038472,3.3923147,3
760,1.4144934,3.0692773,4
761,1.992711,2.978094,5
762,1.5595025,5.383445,6
763,0.47848982,3.4707637,0
764,1.4272939,2.8560922,1
765,0.97023404,3.138064,2
766,0.678694,2.188344,3
767,1.5875118,2.38924,4
768,0.80847687,4.8116145,5
769,2.651411,3.400568,6
770,1.0104544,3.8056073,0
771,2.759321,3.4672632,1
772,2.0898662,3.3828063,2
773,1.6011152,2.3673592,3
774,1.3832157,2.98126,4
775,1.9253682,2.3497722,5
776,2.7956903,4.5852556,6
777,3.2604127,0.95280343,0
778,0.9501121,2.526147,1
779,2.3880937,4.0197635,2
780,2.092784,4.70289,3
781,1.6292472,2.5282674,4
782,1.8953313,2.7742698,5
783,1.9008237,2.2286048,6
784,1.4685802,1.1380382,0
785,0.4839851,2.201538,1
786,0.3959714,1.997639,2
787,1.191131,3.7212353,3
788,1.1419752,3.9803953,4
789,1.2091463,3.5075119,5
790,1.0797888,4.8788853,6
791,2.1546457,2.2265313,0
792,1.4127458,4.0315394,1
793,2.0466664,2.2315998,2
794,2.8521955,3.1322658,3
795,0.74333084,2.7487767,4
796,2.2811568,2.3521118,5
797,1.3063616,2.1945424,6
798,1.7334101,3.149885,0
799,1.2890273,3.675129,1
800,7.727075,3.2238164,2
801,1.4534074,4.497557,3
802,1.4341484,4.059226,4
803,0.88788563,3.0974598,5
804,0.7515012,3.090465,6
805,1.7600142,1.7684342,0
806,4.2735143,3.2401347,1
807,0.659492,3.0027933,2
808,2.1085818,6.2176847,3
809,1.2524722,3.203614,4
810,2.889191,1.8902212,5
811,0.95479226,1.6997157,6
812,1.0291502,3.4477024,0
813,2.0822754,4.2455697,1
814,0.9921342,3.8262486,2
815,1.6269379,1.7620857,3
816,2.2418892,5.5427027,4
817,2.148094,2.5134606,5
818,1.4101821,2.908716,6
819,0.5107867,3.8281882,0
820,1.8986775,2.0995307,1
821,0.6905408,2.524232,2
822,0.3787051,2.2232418,3
823,1.1853526,3.5136855,4
824,2.4845977,2.6336112,5
825,0.8880484,2.6682606,6
826,3.8909469,1.0003529,0
827,1.1267145,2.8998842,1
828,2.6467493,4.0686464,2
829,2.2588465,2.7959514,3
830,1.5259154,3.2604084,4
831,1.4790977,3.095574,5
832,0.948188,3.6030009,6
833,1.8473476,1.448627,0
834,1.2738715,2.6800928,1
835,7.771356,1.9303561,2
836,0.49536797,3.1779838,3
837,1.117558,5.06312,4
838,1.6354452,2.765151,5
839,0.9552194,1.2408369,6
840,2.325656,3.1017816,0
841,0.12913889,2.0623674,1
842,1.439687,4.559493,2
843,1.1677537,4.6507483,3
844,1.0516244,3.4447765,4
845,0.43070513,3.9305425,5
846,0.89826834,1.1000401,6
847,3.4067955,1.6405396,0
848,2.5881803,3.8626614,1
849,1.1058172,3.295159,2
850,1.0951557,3.372128,3
851,1.0044675,3.3114429,4
852,2.0842414,3.79635,5
853,1.6208457,2.592707,6
854,1.1437057,1.4722717,0
855,1.7671586,3.7665615,1
856,0.10044381,4.2105813,2
857,0.6119847,1.3944824,3
858,0.81725174,3.755105,4
859,1.6131341,2.3306656,5
860,0.840523,1.4525903,6
861,2.2431555,2.895191,0
862,1.3555496,2.7543726,1
863,2.1239517,3.854755,2
864,1.979221,5.9478908,3
865,1.5630751,3.2504938,4
866,0.8229488,4.4659834,5
867,1.645558,3.93813,6
868,0.21883084,4.136321,0
869,0.7405939,3.0464602,1
870,0.64245987,4.2858,2
871,1.8507863,5.2620215,3
872,1.2874585,3.054185,4
873,1.1296995,4.4127574,5
874,0.38156167,3.7859786,6
875,0.6402128,3.7866716,0
876,2.184034,1.9749321,1
877,0.744296,3.883445,2
878,0.626465,4.236786,3
879,0.7320479,1.5832384,4
880,1.7425013,3.2537184,5
881,1.7887603,2.0448616,6
882,3.521411,1.6624688,0
883,1.7644626,5.7266417,1
884,0.2818523,2.2527583,2
885,1.6142923,2.7737322,3
886,0.78905994,2.8991723,4
887,2.1417694,2.4524596,5
888,1.149393,1.2551467,6
889,1.1049802,2.958881,0
890,1.2911628,2.0290327,1
891,1.1431265,4.141882,2
892,0.48010534,2.3745518,3
893,1.9515418,4.2908425,4
894,1.3841182,3.8804874,5
895,0.8562151,2.2939284,6
896,0.6365131,4.7901273,0
897,1.8346924,3.8150194,1
898,0.6965505,1.9547652,2
899,1.7983006,3.020346,3
900,1.1153275,3.610195,4
901,3.5591748,2.4468768,5
902,2.0438356,2.200308,6
903,0.9381294,3.294655,0
904,0.35922277,5.2480564,1
905,0.14862072,3.6630416,2
906,1.3476311,1.8473889,3
907,1.273793,2.7537444,4
908,1.4743518,2.4372191,5
909,2.5685163,1.0569059,6
910,2.4021788,2.2293453,0
911,0.7805022,4.540062,1
912,1.0974823,3.301535,2
913,1.5698088,2.453585,3
914,1.1478183,3.2232685,4
915,1.7143309,3.7008772,5
916,0.3158629,2.926301,6
917,1.5691323,3.142581,0
918,3.1311154,3.9351115,1
919,1.1957908,2.0095947,2
920,1.8131483,2.2291095,3
921,1.6162318,3.1890237,4
922,1.5904806,3.0363245,5
923,1.1563076,0.9238494,6
924,2.294969,3.651099,0
925,0.60284495,4.761064,1
926,0.9450287,3.7489934,2
927,1.2249686,1.841449,3
928,1.825228,2.0520682,4
929,0.91846377,3.2695448,5
930,0.91164774,1.4617021,6
931,1.2468766,2.4572728,0
932,1.2867595,2.7625494,1
933,3.4431372,3.6467056,2
934,0.47310007,1.7758836,3
935,1.0618031,1.9218231,4
936,2.2732806,2.6401052,5
937,0.89508706,2.672927,6
938,3.3970737,1.735707,0
939,3.2597373,4.728776,1
940,4.5507646,4.4988413,2
941,1.6697886,4.0832133,3
942,1.5581446,3.7805543,4
943,0.9255093,5.0997972,5
944,0.68265164,3.0001478,6
945,2.1299944,2.235743,0
946,3.8042684,3.0084481,1
947,3.907186,2.390516,2
948,0.54048854,1.535065,3
949,0.55531096,6.775505,4
950,0.62101376,3.4995284,5
951,1.1317976,3.1083357,6
952,1.1207459,3.160125,0
953,0.20258367,3.319175,1
954,5.4403358,4.328303,2
955,1.5048593,5.8868256,3
956,1.2884451,2.567648,4
957,3.2298307,2.2191145,5
958,1.4377744,3.3205009,6
959,1.0809816,2.9883087,0
960,0.49186078,2.2552752,1
961,0.40196124,2.276533,2
962,1.6758357,4.7720404,3
963,1.6983043,2.8863194,4
964,2.775698,2.5040195,5
965,2.384297,2.3192675,6
966,0.582301,2.6065433,0
967,0.72524303,3.5347037,1
968,0.81927764,2.5568428,2
969,0.63327265,1.7882729,3
970,1.5858316,2.225476,4
971,0.56407046,4.2028513,5
972,0.7372397,2.2444806,6
973,0.42239553,3.8548682,0
974,1.996813,3.8998208,1
975,2.6846576,3.0537791,2
976,1.6251905,2.728962,3
977,1.3559932,3.8028278,4
978,1.7186064,4.0503182,5
979,2.7532747,3.9263103,6
980,4.5073466,1.1102686,0
981,0.8715241,3.8152852,1
982,0.6855473,3.0416803,2
983,1.05562,2.407353,3
984,1.5092803,4.2586412,4
985,1.3453379,3.1850567,5
986,1.6690907,2.1887197,6
987,0.8905342,3.821827,0
988,0.6174699,3.730578,1
989,1.069424,4.5582066,2
990,0.45957154,2.8447425,3
991,1.4185399,4.485783,4
992,0.6899384,4.7337575,5
993,1.6212089,4.314532,6
994,0.8473444,3.2385495,0
995,1.0937222,3.374649,1
996,0.8801074,3.9252253,2
997,0.95174515,0.9387841,3
998,1.1743032,2.3533516,4
999,1.5201026,1.78266,5
1000,0.19962834,1.2513752,6
1001,1.66681,1.6485507,0
1002,1.5539217,3.924351,1
1003,4.4446106,2.5938745,2
1004,0.7443619,2.0095615,3
1005,2.0853436,1.7701068,4
1006,1.2690867,3.091819,5
1007,0.57034665,1.6271355,6
1008,1.457914,4.9825077,0
1009,1.8314474,3.5042956,1
1010,0.23788886,2.5011945,2
1011,1.4658724,3.7617536,3
1012,2.2113748,3.4507706,4
1013,2.4804058,3.3786445,5
1014,0.9164843,3.250287,6
1015,0.7101195,4.7079806,0
1016,1.8290598,3.8614714,1
1017,7.758789,3.1374488,2
1018,0.82999706,3.6305256,3
1019,1.1252568,3.2347097,4
1020,2.1354218,3.2593524,5
1021,2.1019986,3.1343653,6
1022,1.904506,1.6337726,0
1023,0.7524718,2.8329687,1
1024,3.767328,2.3905063,2
1025,3.3072376,2.151958,3
1026,1.0209227,3.9167576,4
1027,1.2330674,2.1236427,5
1028,0.50483304,2.8299394,6
1029,0.18326026,5.3411245,0
1030,2.9682212,3.6075485,1
1031,1.6216824,3.3296652,2
1032,2.5334811,4.1154857,3
1033,1.4753783,2.52013,4
1034,1.6759909,1.2674152,5
1035,0.8985318,3.1853197,6
1036,2.0760248,2.7322574,0
1037,2.0735886,2.7921329,1
1038,1.196862,3.0921445,2
1039,0.5898837,2.0393903,3
1040,1.5438759,4.936653,4
1041,1.492071,4.1917033,5
1042,2.0636396,2.5936472,6
1043,2.687267,2.5421069,0
1044,1.4735119,1.6115246,1
1045,0.2064864,1.8622553,2
1046,1.0860772,3.4929264,3
1047,0.7740922,3.4140286,4
1048,0.75587326,3.732929,5
1049,0.63678026,2.0022705,6
1050,4.2090845,0.9460798,0
1051,4.443069,3.3434486,1
1052,1.5427992,4.735071,2
1053,1.8147212,4.434204,3
1054,1.8303082,1.375271,4
1055,1.5445094,2.4146419,5
1056,0.35971877,1.4797158,6
1057,2.546935,2.3089137,0
1058,1.9659514,3.6775444,1
1059,0.48027146,3.572978,2
1060,1.5305971,2.8952565,3
1061,1.3602357,2.8845363,4
1062,0.95680344,3.9343333,5
1063,0.9331613,4.2433434,6
1064,2.156104,1.619492,0
1065,1.2221445,2.200666,1
1066,2.1974518,3.424816,2
1067,0.87908113,1.8582832,3
1068,2.0352218,2.5373535,4
1069,0.22805142,4.274733,5
1070,1.2911576,4.694187,6
1071,1.6188862,2.4446008,0
1072,1.9297051,2.6801274,1
1073,3.8278298,3.6180367,2
1074,0.88829905,2.0270627,3
1075,3.1595874,3.1529007,4
1076,0.7720022,3.7699862,5
1077,1.6507846,2.747921,6
1078,1.6624163,2.1821053,0
1079,0.84101105,3.3499498,1
1080,0.9123248,2.8404484,2
1081,1.0841345,1.7954614,3
1082,1.0472455,5.045963,4
1083,1.4417987,3.643314,5
1084,0.8145006,3.5256166,6
1085,2.2087507,2.1520662,0
1086,1.9116174,1.6750373,1
1087,2.272819,3.8030589,2
1088,0.99430776,3.7486293,3
1089,1.3145444,2.159502,4
1090,1.1517937,2.7422338,5
1091,1.4313436,1.9356836,6
1092,5.074314,1.4836453,0
1093,0.47704214,4.6259375,1
1094,3.4690058,4.313064,2
1095,2.9451203,1.6602422,3
1096,2.110467,1.6407897,4
1097,1.4973522,5.2368574,5
1098,1.4733742,2.814145,6
1099,1.0636125,3.0063617,0
1100,1.0303588,2.4204812,1
1101,5.2893014,2.4319558,2
1102,1.0351251,1.489053,3
1103,2.564786,2.995935,4
1104,0.5699549,3.2600281,5
1105,1.2084094,4.2580533,6
1106,0.95669377,3.369522,0
1107,0.70517516,2.7551925,1
1108,0.22364496,3.30142,2
1109,3.9435556,3.828082,3
1110,1.7833899,2.6735144,4
1111,1.9183023,2.9622378,5
1112,1.8871946,2.8940282,6
1113,2.7341719,1.1225398,0
1114,0.43903485,3.3784697,1
1115,2.4222825,3.708236,2
1116,0.8892163,1.5296043,3
1117,1.507633,3.4708886,4
1118,2.937365,1.6801487,5
1119,1.4729894,4.4944043,6
1120,1.4732034,1.9181235,0
1121,2.613568,2.8492455,1
1122,1.261029,2.703655,2
1123,2.8319392,3.3324442,3
1124,1.4467916,2.9886775,4
1125,3.016142,2.2175264,5
1126,2.0281534,4.0250993,6
1127,3.3993926,2.519791,0
1128,1.449778,3.6569345,1
1129,0.78903186,1.8808872,2
1130,2.4004843,4.074245,3
1131,1.3828876,4.078065,4
1132,0.5787208,5.0743227,5
1133,0.9692847,1.9157078,6
1134,1.6708447,3.0142078,0
1135,2.498381,4.3848248,1
1136,1.9026363,4.4880643,2
1137,1.9290756,5.1340246,3
1138,1.1101956,1.1858534,4
1139,0.75335586,4.0696955,5
1140,2.7846363,3.0632422,6
1141,0.433059,4.2777386,0
1142,2.0571454,3.462012,1
1143,0.7376462,2.8575153,2
1144,0.7755283,3.931749,3
1145,1.145992,2.9608252,4
1146,1.4201539,3.0055127,5
1147,3.8193555,3.5161755,6
1148,1.6787264,2.9696045,0
1149,2.856049,3.368188,1
1150,0.12636313,3.1220431,2
1151,0.25194293,1.5333812,3
1152,1.0121037,1.8301125,4
1153,1.2725756,3.142818,5
1154,2.2320688,3.2320454,6
1155,3.5004065,2.9678571,0
1156,0.96169686,5.8591795,1
1157,4.8512025,2.9821506,2
1158,3.3229544,1.5617802,3
1159,1.0352548,4.726716,4
1160,1.6117014,2.8742404,5
1161,3.8832524,2.2290852,6
1162,0.430346,3.9361753,0
1163,0.60125434,4.655772,1
1164,4.1792912,2.1842012,2
1165,2.4142652,1.1228027,3
1166,1.0542212,4.2949433,4
1167,1.8974942,2.1707826,5
1168,3.301743,3.1688654,6
1169,0.2591092,2.8287957,0
1170,2.3006854,2.4811249,1
1171,0.9049933,1.760146,2
1172,0.2627136,2.946565,3
1173,2.0168316,4.2246375,4
1174,1.6592135,3.0636978,5
1175,0.91352654,2.8400216,6
1176,1.5001594,1.8296326,0
1177,4.586299,2.2291048,1
1178,0.2436357,5.244499,2
1179,1.6065181,5.768383,3
1180,2.14263,2.5289593,4
1181,3.12634,2.0928507,5
1182,0.7134331,2.816873,6
1183,3.4657872,4.0681415,0
1184,1.1943676,2.4973516,1
1185,1.8536897,1.6314207,2
1186,0.9965938,2.8102982,3
1187,1.0056611,3.651464,4
1188,0.86018276,3.9484642,5
1189,2.4113894,4.861806,6
1190,0.58124375,2.331919,0
1191,0.66844666,3.5303054,1
1192,0.9633423,2.9099288,2
1193,0.683239,3.5686302,3
1194,1.3044331,2.1822584,4
1195,0.9677721,4.506652,5
1196,0.5078327,2.786806,6
1197,0.95303404,5.0999985,0
1198,2.8509645,2.8010437,1
1199,0.20993525,2.6529908,2
1200,1.9891216,3.4334657,3
1201,1.7411338,6.167734,4
1202,1.4130223,3.4269204,5
1203,0.9924117,2.3546019,6
1204,2.2140942,2.2555075,0
1205,0.7709551,4.1890173,1
1206,1.1841437,4.3562675,2
1207,2.292635,2.7213738,3
1208,1.2176504,3.1431327,4
1209,1.0744845,4.598178,5
1210,1.381638,2.4103096,6
1211,0.8074885,3.6342745,0
1212,1.0871849,1.7255461,1
1213,0.5387751,2.012367,2
1214,0.64678437,1.4267349,3
1215,1.820222,3.8217952,4
1216,1.7638355,2.961482,5
1217,0.9624192,3.4739199,6
1218,0.9431628,3.1101203,0
1219,0.43251604,2.8154755,1
1220,4.8929634,3.1933556,2
1221,1.2492698,4.9349875,3
1222,0.7831526,5.1227436,4
1223,2.0340357,2.9429235,5
1224,1.5128605,1.81436,6
1225,3.469175,1.6225998,0
1226,2.0489116,4.7925577,1
1227,0.53736323,2.8101854,2
1228,1.1806356,5.400455,3
1229,0.5304255,4.0393867,4
1230,2.9539762,2.424687,5
1231,1.2821326,1.651546,6
1232,1.9920726,1.9371727,0
1233,3.3522635,2.5995102,1
1234,1.6917468,2.0931342,2
1235,0.6589949,2.6327894,3
1236,1.2945077,2.0578096,4
1237,0.5643104,4.3112965,5
1238,1.6957567,1.769153,6
1239,1.2810497,2.7810597,0
1240,6.6448326,2.1898303,1
1241,1.0545002,2.2279487,2
1242,1.4046687,5.104231,3
1243,1.0139853,2.5838718,4
1244,1.5189557,2.9809575,5
1245,1.6682074,1.1753469,6
1246,1.6909133,3.7425926,0
1247,1.3132892,3.283071,1
1248,1.3266618,1.2080947,2
1249,0.8539414,5.010438,3
1250,1.2086995,4.5702877,4
1251,1.0375075,3.8710144,5
1252,1.7816331,1.0517632,6
1253,3.3899176,2.0715923,0
1254,2.905274,3.42697,1
1255,3.9643505,1.5665019,2
1256,0.5991782,2.2605782,3
1257,1.6462682,1.5823759,4
1258,1.7960345,2.158003,5
1259,2.3735301,1.7248236,6
1260,1.6259545,3.1789393,0
1261,2.031681,1.8273144,1
1262,4.744573,3.5722046,2
1263,1.6031637,1.1836226,3
1264,0.76203173,4.1601334,4
1265,2.4993267,4.7786074,5
1266,1.920436,3.625916,6
1267,0.54645324,3.7017176,0
1268,0.9901431,1.8971514,1
1269,7.186898,3.4100904,2
1270,1.1598299,2.7682378,3
1271,1.269421,3.0322165,4
1272,2.5047703,2.2147822,5
1273,2.5329556,2.6399086,6
1274,0.8240217,1.8116833,0
1275,0.8687398,3.5374975,1
1276,1.6768453,3.8490489,2
1277,1.336801,3.1675525,3
1278,1.6026468,3.556514,4
1279,3.3245347,2.932375,5
1280,1.1825267,3.388383,6
1281,1.1156547,1.8567688,0
1282,4.0897064,3.376,1
1283,2.5576363,3.5317562,2
1284,1.1255567,4.0385623,3
1285,1.9520044,2.2119327,4
1286,0.9553348,3.2986917,5
1287,0.5354232,2.6635227,6
1288,4.657628,0.7143841,0
1289,2.4151304,1.6084112,1
1290,0.72663224,2.255726,2
1291,0.8470248,2.895911,3
1292,2.1010137,3.4082267,4
1293,1.5459806,1.8322061,5
1294,0.6654388,3.3809395,6
1295,0.6166827,2.8025355,0
1296,3.5259838,1.8328763,1
1297,0.681448,4.341832,2
1298,0.7901819,1.6692138,3
1299,0.97607255,4.1676245,4
1300,0.5053937,4.179882,5
1301,1.7078375,2.6794853,6
1302,1.5120746,2.1395535,0
1303,5.8773174,4.2427864,1
1304,1.0557066,3.8742282,2
1305,1.1853452,1.6748971,3
1306,2.3973927,2.8428116,4
1307,1.8099494,1.6628613,5
1308,0.6789161,1.7994924,6
1309,0.76442665,3.2288263,0
1310,4.483801,2.7963595,1
1311,0.50966954,2.9534888,2
1312,0.83871675,5.910292,3
1313,1.0971199,2.3337104,4
1314,1.6482502,4.553792,5
1315,0.82728577,0.9884649,6
1316,1.4363279,1.7855744,0
1317,0.7495761,4.81712,1
1318,1.1447401,3.5724485,2
1319,0.6525128,2.6670642,3
1320,2.1967607,1.6428231,4
1321,1.6076505,2.2096696,5
1322,1.81281,1.2373697,6
1323,5.8947477,1.4620163,0
1324,1.9333555,2.3339,1
1325,6.162629,3.8584626,2
1326,0.59959507,1.6818078,3
1327,1.4302696,2.9906607,4
1328,1.5000038,3.7406185,5
1329,1.7487357,3.253628,6
1330,3.2434354,1.531138,0
1331,3.0175734,3.2556703,1
1332,0.27306375,4.0317335,2
1333,0.71268535,1.8003303,3
1334,1.0826216,3.374608,4
1335,1.1498604,4.2756863,5
1336,1.2998836,2.540751,6
1337,1.3683541,1.8068404,0
1338,1.6891443,2.524843,1
1339,1.149988,3.2216322,2
1340,0.6047994,1.9850812,3
1341,1.4277773,2.3066654,4
1342,0.61857635,3.937501,5
1343,0.36392045,2.6006956,6
1344,2.2694411,2.0072298,0
1345,1.3604281,2.7449872,1
1346,1.6100888,3.8371778,2
1347,0.96868867,2.3903618,3
1348,0.96710134,5.0272536,4
1349,2.0638537,2.3681402,5
1350,0.6485024,4.2315483,6
1351,1.3070844,2.6727798,0
1352,3.5098364,4.9853826,1
1353,0.69993556,3.6445003,2
1354,1.1304351,3.2343805,3
1355,1.0055646,2.590929,4
1356,1.2743962,3.1512413,5
1357,0.53589046,2.3038936,6
1358,8.482719,0.39778727,0
1359,0.15414967,2.356921,1
1360,0.12811175,4.0404906,2
1361,1.9033201,5.551457,3
1362,1.3767678,4.178156,4
1363,1.5322151,3.465793,5
1364,0.744996,5.323663,6
1365,1.3502539,2.6355805,0
1366,0.66492355,2.136152,1
1367,2.8308172,3.3639512,2
1368,0.24357162,1.543,3
1369,1.441188,1.7586119,4
1370,1.2496904,4.937194,5
1371,1.4332248,3.8485465,6
1372,3.4465694,1.0898436,0
1373,1.4091537,4.2563586,1
1374,0.7543191,3.4183388,2
1375,0.4732234,0.85176295,3
1376,0.83058006,2.8835413,4
1377,2.348091,2.9801288,5
1378,0.7503401,3.658519,6
1379,1.4870551,3.203243,0
1380,1.0141288,3.094859,1
1381,6.50669,2.8269315,2
1382,2.1659038,0.9910587,3
1383,1.8537949,2.7426484,4
1384,1.0109856,4.3121314,5
1385,1.3566219,0.91522837,6
1386,0.7412804,3.970996,0
1387,3.546994,1.6736597,1
1388,0.12878907,3.1424713,2
1389,0.8161497,5.0422187,3
1390,1.2883861,3.4161549,4
1391,1.3619294,3.2241962,5
1392,0.7254323,6.3352394,6
1393,1.5301352,3.010397,0
1394,5.167638,2.6553679,1
1395,6.5196943,3.0665216,2
1396,0.74743116,1.2685065,3
1397,1.8034444,3.3169878,4
1398,0.732987,4.27973,5
1399,0.7400738,4.377371,6
1400,5.057184,2.0161111,0
1401,1.883872,3.8002906,1
1402,1.6850371,3.7331853,2
1403,2.0547104,4.577794,3
1404,0.9756354,4.0369515,4
1405,1.311629,4.2671366,5
1406,2.23041,3.1505156,6
1407,2.4275188,1.9241562,0
1408,2.730956,2.0491354,1
1409,0.90124404,3.104708,2
1410,1.3753126,1.9184513,3
1411,1.6602767,1.6507001,4
1412,1.7733128,2.9184017,5
1413,2.3725042,1.4473989,6
1414,4.664219,0.87194884,0
1415,1.8979266,3.2275853,1
1416,0.44181588,3.5521498,2
1417,1.4096667,4.1246414,3
1418,0.581524,5.062352,4
1419,1.4596877,4.075411,5
1420,0.9150103,4.001823,6
1421,5.312229,0.8803812,0
1422,0.7460475,3.5623517,1
1423,0.9646713,3.204588,2
1424,1.6835974,0.9097382,3
1425,1.9150091,2.096136,4
1426,1.073419,5.563301,5
1427,0.5513573,1.3697658,6
1428,1.6569173,1.8484058,0
1429,1.083019,6.3279247,1
1430,0.6336432,4.3411107,2
1431,0.7287804,1.6226279,3
1432,1.4847114,2.6725984,4
1433,2.1455917,1.9350446,5
1434,0.8398071,2.280913,6
1435,0.9872503,2.3165646,0
1436,4.344037,2.2715406,1
1437,0.21533309,1.9979105,2
1438,0.7231731,4.7522893,3
1439,1.3388993,3.7282941,4
1440,0.6059366,4.07018,5
1441,1.8445277,2.7767472,6
1442,0.81767595,4.8001423,0
1443,1.4725603,2.1934364,1
1444,1.1202093,3.2075696,2
1445,1.204247,1.5233102,3
1446,1.4539827,3.8315594,4
1447,0.57818675,4.2305975,5
1448,1.3417234,1.1536695,6
1449,1.1914741,3.408332,0
1450,4.9363313,3.1875138,1
1451,4.9654956,2.5083418,2
1452,2.2755644,2.0752282,3
1453,1.3838825,3.1348782,4
1454,1.0171487,3.5376563,5
1455,2.5395007,2.1347208,6
1456,1.9482732,2.0086627,0
1457,5.0465674,3.0182767,1
1458,0.91877556,2.2070715,2
1459,0.5072646,1.4946575,3
1460,1.2044075,2.5347342,4
1461,1.9438857,5.645718,5
1462,1.3676012,0.8238495,6
1463,3.102703,2.2552738,0
1464,2.4645355,3.9557395,1
1465,0.31267732,2.1918163,2
1466,0.7058002,3.0655644,3
1467,1.090395,4.87076,4
1468,0.6596435,4.250063,5
1469,0.76244605,2.86198,6
1470,1.8137503,4.3422956,0
1471,0.51436985,2.344132,1
1472,0.11670746,2.7379527,2
1473,0.9963086,4.014429,3
1474,1.0719055,2.282779,4
1475,0.9421798,3.888905,5
1476,1.0127106,4.1073027,6
1477,6.3557816,1.4121479,0
1478,1.1074653,2.5545344,1
1479,2.488566,3.0218468,2
1480,0.5587775,4.2043347,3
1481,1.2648826,3.3575068,4
1482,0.36414176,5.056552,5
1483,0.80508703,0.87634826,6
1484,4.683753,1.2727742,0
1485,2.2248633,3.6211455,1
1486,1.4907775,3.4921672,2
1487,2.3998196,6.2804294,3
1488,1.292465,3.6711645,4
1489,0.95536244,2.6007972,5
1490,1.2285088,4.251822,6
1491,3.8738103,2.1812305,0
1492,6.8147354,3.6017842,1
1493,2.447476,3.106704,2
1494,1.9422584,5.3456564,3
1495,2.1732528,2.2937944,4
1496,0.49565995,3.5295832,5
1497,0.92695343,4.099394,6
1498,0.5179914,4.4543114,0
1499,3.1523666,2.0360434,1
1500,2.863027,2.0153968,2
1501,0.60422534,2.6281276,3
1502,2.278945,3.633482,4
1503,3.8995552,1.6177948,5
1504,0.8776944,4.191922,6
1505,2.1176987,4.167807,0
1506,0.6132175,4.644013,1
1507,0.6404425,4.032753,2
1508,0.45398,1.2396488,3
1509,1.2876027,3.0687003,4
1510,1.3937455,4.4141355,5
1511,0.34435692,2.819603,6
1512,0.66482335,4.924764,0
1513,4.2454286,2.1159654,1
1514,0.7120596,2.5784576,2
1515,1.2687122,3.6772118,3
1516,1.456404,3.0093596,4
1517,1.8100872,2.74559,5
1518,1.2755346,5.6010704,6
1519,2.2391715,3.0719974,0
1520,0.5878964,2.1872494,1
1521,0.39824736,3.2502646,2
1522,1.270159,5.536397,3
1523,0.6241977,4.7491064,4
1524,3.10854,4.28235,5
1525,0.46436533,4.2088356,6
1526,2.7197504,1.6067433,0
1527,0.43943524,3.4623954,1
1528,1.7561096,4.1036615,2
1529,1.0991027,3.4019425,3
1530,1.1299784,2.3718395,4
1531,0.9662055,4.119278,5
1532,1.9600164,2.6961598,6
1533,0.19011927,6.1368775,0
1534,1.1271548,2.7786384,1
1535,1.8026233,4.3847475,2
1536,0.45474148,2.0910766,3
1537,1.1393286,5.053506,4
1538,0.65244967,3.9117,5
1539,0.8008898,4.315819,6
1540,0.7610314,2.6549685,0
1541,1.8678675,3.4292312,1
1542,1.1252716,3.1626346,2
1543,0.8006518,4.90849,3
1544,1.4278351,3.9797451,4
1545,2.5325751,2.506571,5
1546,1.651919,3.9141824,6
1547,1.5234281,2.9603605,0
1548,3.5751977,2.8568792,1
1549,0.574197,4.1236663,2
1550,2.9095006,6.1948466,3
1551,1.4176757,4.483597,4
1552,0.43401402,4.801325,5
1553,0.5890262,2.412399,6
1554,1.4596066,2.182302,0
1555,0.5311155,4.92941,1
1556,6.980974,3.0907714,2
1557,2.0156379,3.195518,3
1558,1.2923849,5.686366,4
1559,1.2398577,2.8593328,5
1560,3.0214574,1.7878597,6
1561,1.3855892,3.3250737,0
1562,2.8764997,3.489947,1
1563,1.728699,2.638238,2
1564,0.23928957,0.8237634,3
1565,1.2899597,3.335775,4
1566,1.8745875,2.5191174,5
1567,5.090309,3.3266604,6
1568,2.6653924,1.8823773,0
1569,0.8158517,2.817675,1
1570,0.14234097,3.255978,2
1571,0.32373798,2.3776155,3
1572,1.0296156,2.05035,4
1573,1.393486,5.389356,5
1574,1.016641,2.7194726,6
1575,3.9226885,1.1908023,0
1576,1.1527131,4.226291,1
1577,0.63451296,1.629033,2
1578,0.4007215,2.352745,3
1579,1.4659069,3.143649,4
1580,2.2691102,2.2270653,5
1581,1.4322066,3.1273518,6
1582,2.4751434,3.5555801,0
1583,0.9460728,2.2263017,1
1584,1.2075491,1.5457792,2
1585,3.4131994,2.6674724,3
1586,1.2995495,3.6075733,4
1587,1.9205973,3.792882,5
1588,0.934106,2.112095,6
1589,0.9020501,2.8227835,0
1590,2.8978996,4.7103915,1
1591,0.76661116,1.6880071,2
1592,0.8278275,2.248206,3
1593,1.0045515,5.9047914,4
1594,1.1514196,3.0917373,5
1595,1.769783,4.036223,6
1596,1.6337554,3.1920938,0
1597,1.0312302,2.4934583,1
1598,3.3004503,5.9325857,2
1599,0.66345274,2.8132007,3
1600,0.89002264,3.436247,4
1601,1.3064342,3.791078,5
1602,1.5432503,2.630084,6
1603,1.647965,2.7985654,0
1604,0.79167104,3.0950854,1
1605,1.5265632,3.4865365,2
1606,0.8992342,3.163488,3
1607,1.4986187,3.3579645,4
1608,1.2018799,4.8470087,5
1609,0.99578714,3.9663873,6
1610,0.8774089,3.894803,0
1611,0.5730779,3.3195066,1
1612,0.20075701,4.4954286,2
1613,1.334238,4.5594997,3
1614,1.2768914,4.9750237,4
1615,0.9361545,3.4335108,5
1616,0.41593584,1.8563265,6
1617,1.781029,2.2746181,0
1618,1.4635448,3.178204,1
1619,2.0104463,2.7699854,2
1620,0.6224704,1.322218,3
1621,1.4793735,2.7654605,4
1622,1.7790747,3.5518355,5
1623,2.753076,3.8797953,6
1624,1.3773229,2.6112387,0
1625,3.2227585,2.3835588,1
1626,2.6803904,4.3861094,2
1627,1.0678984,3.2438862,3
1628,1.6531204,5.1939344,4
1629,1.5143094,3.5072017,5
1630,1.3790481,2.3665624,6
1631,0.36862227,4.39674,0
1632,1.5479228,2.9561427,1
1633,1.3062639,3.8788424,2
1634,3.63209,3.3723176,3
1635,2.708692,2.8296833,4
1636,2.1941319,3.0946133,5
1637,1.3556927,0.7747252,6
1638,1.404434,2.9319816,0
1639,1.2972789,3.3910108,1
1640,1.1959506,4.054697,2
1641,0.5606967,3.132695,3
1642,1.007389,3.4031754,4
1643,1.9802175,3.5271165,5
1644,3.3035364,2.3973653,6
1645,6.4730234,0.51603,0
1646,2.675996,3.7656114,1
1647,0.21825583,4.841308,2
1648,0.59811527,1.3521898,3
1649,0.8647838,3.927724,4
1650,1.3200912,2.089896,5
1651,0.46135944,3.7292686,6
1652,1.1128294,3.4448876,0
1653,0.40101674,3.348331,1
1654,0.39568925,4.447424,2
1655,0.672583,2.1723397,3
1656,1.7039354,2.911387,4
1657,1.6778542,2.1164994,5
1658,1.1615832,2.4377766,6
1659,2.391113,2.519488,0
1660,0.85995996,3.7357976,1
1661,0.2568761,3.3692682,2
1662,0.9346758,3.015277,3
1663,1.0288919,4.5289373,4
1664,1.2787092,3.2195477,5
1665,2.0946407,1.1660566,6
1666,0.71279204,3.5466707,0
1667,1.6576834,3.5769918,1
1668,5.4367156,3.1838522,2
1669,1.5660261,2.236382,3
1670,1.3126551,1.5903072,4
1671,1.2647641,2.9371428,5
1672,2.9725215,2.13881,6
1673,2.6513102,2.2612462,0
1674,1.5234543,3.5842705,1
1675,3.459494,3.392978,2
1676,0.716848,1.7619609,3
1677,1.8580292,2.7843552,4
1678,1.0622225,3.7321422,5
1679,1.7548835,4.7154703,6
1680,1.1914736,4.369639,0
1681,0.32119024,3.6405826,1
1682,1.4918747,3.5323334,2
1683,1.1071218,4.087487,3
1684,1.9198968,4.255801,4
1685,2.8576446,2.4184225,5
1686,1.249691,2.023107,6
1687,2.2793708,2.8685956,0
1688,1.6224337,4.386192,1
1689,1.0630543,2.6464927,2
1690,1.042915,5.139099,3
1691,2.125536,3.2203329,4
1692,2.1496987,1.638133,5
1693,0.5335734,2.6954997,6
1694,0.6446582,3.584457,0
1695,0.27945364,2.5382636,1
1696,1.5193938,3.7477794,2
1697,0.81944734,3.0512893,3
1698,2.423737,2.3488755,4
1699,1.2062933,3.0752757,5
1700,1.3278462,1.9359207,6
1701,2.1307614,1.9780228,0
1702,0.53171384,5.118697,1
1703,5.931553,2.5714543,2
1704,1.7058402,2.7708893,3
1705,2.3784933,2.7490106,4
1706,2.8626423,2.2926364,5
1707,1.5795988,3.1940455,6
1708,0.98004127,3.0938241,0
1709,2.567484,4.0646625,1
1710,0.3801385,3.50309,2
1711,1.615891,5.2873325,3
1712,0.81771636,4.031038,4
1713,1.1040546,3.2776499,5
1714,0.8806714,1.503198,6
1715,0.8443022,3.4604504,0
1716,1.5445535,3.0191064,1
1717,0.8744695,3.0004034,2
1718,0.8648797,3.1804254,3
1719,1.9439222,2.0337222,4
1720,0.89939046,3.4481783,5
1721,1.3977582,3.308376,6
1722,3.0469117,1.7579081,0
1723,4.141045,2.970948,1
1724,2.08931,5.252407,2
1725,1.3521984,2.5621293,3
1726,2.451591,3.776801,4
1727,0.8676466,2.3338737,5
1728,2.043316,5.378325,6
1729,1.1389405,3.0395827,0
1730,1.5996926,1.7758529,1
1731,0.44146025,1.9802928,2
1732,1.6850389,4.6481876,3
1733,1.2254722,3.9027667,4
1734,2.0036361,4.00127,5
1735,1.5434775,2.3492463,6
1736,0.95491815,3.5825949,0
1737,3.3293896,3.6238427,1
1738,0.38337457,4.263105,2
1739,1.6387571,4.436118,3
1740,1.7036862,2.3827178,4
1741,0.532391,6.9958515,5
1742,0.8287215,2.6442056,6
1743,2.9924355,1.6225487,0
1744,2.570098,2.720761,1
1745,0.28964478,3.4169934,2
1746,1.8957887,3.4482045,3
1747,2.0593345,3.0399897,4
1748,2.1898654,2.740494,5
1749,0.644158,2.238478,6
1750,3.8380785,1.4698964,0
1751,2.1642022,2.0942948,1
1752,0.8893731,4.616388,2
1753,2.211594,3.789198,3
1754,3.0477848,2.1985254,4
1755,1.0054369,4.274296,5
1756,1.5690781,2.1091204,6
1757,0.83534724,2.6463919,0
1758,2.5354125,1.8533586,1
1759,0.92440736,4.126985,2
1760,1.5886348,2.3115292,3
1761,2.020083,2.200068,4
1762,1.889357,4.0672393,5
1763,1.3733566,2.8890696,6
1764,1.5203272,3.095921,0
1765,2.483291,3.8095605,1
1766,1.8371708,3.0324154,2
1767,2.527715,4.90641,3
1768,1.4360471,3.1612384,4
1769,2.7329206,2.6549234,5
1770,1.6676785,1.8045877,6
1771,2.5509331,1.6423057,0
1772,2.3845325,3.427884,1
1773,5.3013906,3.2462668,2
1774,2.260296,5.4019623,3
1775,2.8658776,2.0799785,4
1776,1.4841586,4.517102,5
1777,0.65919185,3.8651872,6
1778,4.390885,1.4294361,0
1779,1.4690354,2.299507,1
1780,1.651656,3.8950815,2
1781,1.7100267,3.8415349,3
1782,1.400267,3.1566162,4
1783,1.1164894,4.942427,5
1784,0.8274961,2.3986409,6
1785,1.4105564,2.0627286,0
1786,0.5195996,4.1244946,1
1787,1.2266431,3.526453,2
1788,1.5311573,3.7759771,3
1789,1.7416371,3.408438,4
1790,1.8144436,2.792327,5
1791,1.3954015,2.2352688,6
1792,1.4094638,2.6399207,0
1793,1.1665125,2.9060936,1
1794,2.2624483,4.08634,2
1795,0.9746088,4.00374,3
1796,1.605766,2.6481762,4
1797,0.8879394,2.0115361,5
1798,1.3355927,2.079041,6
1799,0.98411155,3.7118556,0
1800,0.29089895,4.3277397,1
1801,0.42006457,2.3105357,2
1802,1.5773755,2.617219,3
1803,1.9282776,2.939931,4
1804,0.6380889,4.5599856,5
1805,0.72238654,3.1755767,6
1806,0.8758508,2.050053,0
1807,0.8384931,4.0102663,1
1808,0.28732362,2.827372,2
1809,1.6948022,2.240736,3
1810,1.5315722,4.3332067,4
1811,1.9529544,2.9803824,5
1812,0.9028566,1.7874482,6
1813,2.5140574,1.0801774,0
1814,0.44193166,4.1793003,1
1815,1.0863118,2.9488602,2
1816,1.2330478,1.5419345,3
1817,2.2985468,3.2524571,4
1818,0.6444293,4.2513995,5
1819,1.157389,0.99924517,6
1820,2.9754696,2.0369973,0
1821,2.0603378,4.513602,1
1822,3.0048504,1.9965918,2
1823,0.6082492,2.599967,3
1824,2.2384856,2.5069559,4
1825,1.7688638,2.8476527,5
1826,0.8221781,1.5500026,6
1827,5.216487,1.3173702,0
1828,1.1878462,3.3720658,1
1829,7.10585,1.2825391,2
1830,5.2531977,3.9993734,3
1831,1.0020143,5.4654026,4
1832,2.9933808,1.6139958,5
1833,1.8881798,2.7476459,6
1834,0.411966,4.9801474,0
1835,0.78903043,3.4224257,1
1836,4.680975,3.1291974,2
1837,0.6714398,2.5175798,3
1838,1.7233896,2.3747685,4
1839,0.81738347,4.832076,5
1840,0.75887865,3.408929,6
1841,3.7007885,1.552746,0
1842,1.9689338,3.3353233,1
1843,4.084365,2.6038094,2
1844,0.5489783,1.9986675,3
1845,1.5189836,2.0323057,4
1846,0.9119402,4.0176144,5
1847,1.3768837,1.6702824,6
1848,0.7268151,3.2265592,0
1849,1.8767142,4.167053,1
1850,2.8080466,3.8831182,2
1851,1.6253829,1.1754458,3
1852,1.1365546,2.1582634,4
1853,0.8656291,3.2321577,5
1854,1.1663786,3.4808924,6
1855,6.0244064,0.75417054,0
1856,0.2003428,4.019788,1
1857,2.9525857,2.9629183,2
1858,3.488761,3.5406117,3
1859,2.627647,3.3602033,4
1860,1.0651352,3.6514733,5
1861,0.76609695,3.109849,6
1862,0.62901783,4.9557514,0
1863,3.6412897,3.2458427,1
1864,0.75999534,2.4343362,2
1865,1.5486501,3.843091,3
1866,1.7090665,1.403889,4
1867,1.6512399,4.584591,5
1868,2.6490674,1.1507764,6
1869,0.59065187,3.0341854,0
1870,1.862267,2.6359322,1
1871,2.784954,2.4941466,2
1872,2.1134121,0.88294977,3
1873,0.9429419,2.4698534,4
1874,1.5895507,2.764196,5
1875,2.2633107,4.350175,6
1876,0.80703306,3.9984777,0
1877,5.968033,3.1889608,1
1878,7.2009735,3.1862035,2
1879,1.9408935,5.240743,3
1880,0.88197714,3.5092676,4
1881,0.5956508,4.2358866,5
1882,0.86128944,3.6863425,6
1883,2.0257459,3.2041857,0
1884,2.2342715,2.5816977,1
1885,0.942049,4.930728,2
1886,0.50640655,2.620561,3
1887,1.6907771,2.530937,4
1888,1.185287,3.168416,5
1889,0.44832873,2.0020273,6
1890,0.69179726,3.9135337,0
1891,1.8971049,3.79886,1
1892,2.5648866,1.9262348,2
1893,1.3182166,4.1620107,3
1894,1.077101,3.0629954,4
1895,0.46189672,4.391817,5
1896,1.4874314,3.3283248,6
1897,1.8344206,2.6467147,0
1898,1.0585095,2.5819192,1
1899,0.83150864,3.172041,2
1900,2.6240892,2.1916375,3
1901,1.1463434,2.6963215,4
1902,1.1211557,5.395396,5
1903,1.3113804,1.692455,6
1904,0.80607843,4.2543645,0
1905,3.127136,2.7655978,1
1906,1.8633883,5.1523952,2
1907,1.7304192,1.2224545,3
1908,2.1120403,3.0988083,4
1909,0.46374434,4.9336834,5
1910,2.2012172,1.6173913,6
1911,0.37658268,3.179225,0
1912,3.2487907,3.1969883,1
1913,0.49579358,1.7328749,2
1914,1.6329716,4.0346427,3
1915,1.2245088,2.4405057,4
1916,1.5468595,4.682267,5
1917,2.242835,2.09842,6
1918,0.54368764,4.5816245,0
1919,1.2254026,5.131726,1
1920,2.6011205,3.060555,2
1921,0.4182275,2.5659175,3
1922,1.7964798,3.3061836,4
1923,1.5540038,2.7861454,5
1924,0.65463054,1.6443217,6
1925,1.1045963,2.7094805,0
1926,3.9894507,3.1964934,1
1927,0.6489862,3.2926006,2
1928,1.2508327,1.2686788,3
1929,1.5264218,5.5637436,4
1930,1.2340136,3.3099105,5
1931,1.4274397,5.984667,6
1932,1.2844373,2.205157,0
1933,1.8673478,4.1834483,1
1934,0.5845622,3.4083555,2
1935,2.7033331,5.4855776,3
1936,0.7464864,1.8482714,4
1937,1.377117,2.1459966,5
1938,0.80961597,2.5943398,6
1939,0.37673685,5.83884,0
1940,0.99288154,2.1252427,1
1941,0.29334056,3.2625003,2
1942,0.6444218,3.193976,3
1943,1.4556217,4.227098,4
1944,0.7260729,2.1350446,5
1945,2.2154458,3.8517208,6
1946,1.2670424,3.2658606,0
1947,1.9419867,3.1397777,1
1948,2.0528631,3.133863,2
1949,0.9228152,5.535363,3
1950,0.8751991,4.618406,4
1951,0.64099956,4.5250745,5
1952,0.5578116,2.656302,6
1953,0.9526963,3.3430119,0
1954,0.597329,3.386946,1
1955,0.37925452,3.7873487,2
1956,1.6090883,1.6866217,3
1957,2.085422,2.3604121,4
1958,0.81469625,3.1707501,5
1959,0.39245442,2.9386153,6
1960,2.968771,2.4264894,0
1961,2.3677828,3.07825,1
1962,3.4488297,3.853996,2
1963,1.3609769,3.5261903,3
1964,1.6534592,2.5279417,4
1965,0.9427934,3.2703128,5
1966,0.9967423,1.7365588,6
1967,0.51401,4.986364,0
1968,4.078409,2.8426075,1
1969,1.2345871,1.2651329,2
1970,0.621319,1.3684994,3
1971,1.6662679,3.0612526,4
1972,4.9697056,3.9999933,5
1973,2.6394882,2.474317,6
1974,0.96719146,3.954717,0
1975,0.87534523,3.77139,1
1976,2.0758774,4.098833,2
1977,1.1441185,2.641181,3
1978,0.6874681,3.193594,4
1979,1.6401677,3.6078086,5
1980,0.3645204,0.9076295,6
1981,2.032914,1.6835451,0
1982,2.553415,5.003774,1
1983,1.1829478,4.9295683,2
1984,1.5386337,2.8731837,3
1985,1.5083978,3.4627917,4
1986,1.3114303,2.9371047,5
1987,0.33608472,2.7953334,6
1988,4.206412,1.4344544,0
1989,6.737468,5.28436,1
1990,8.070551,2.3946495,2
1991,1.4370768,4.569296,3
1992,0.86969256,3.5785959,4
1993,1.6946511,2.95599,5
1994,0.82932746,5.1350183,6
1995,0.6218455,3.3720284,0
1996,1.8448578,4.052761,1
1997,2.0192118,3.4628348,2
1998,1.9939052,3.4382634,3
1999,2.018957,2.7536333,4
2000,2.5987015,2.3266556,5
2001,1.2825716,2.3114548,6
2002,2.8507307,2.9697442,0
2003,0.77895826,5.207122,1
2004,1.1884601,2.0340753,2
2005,3.3322105,5.1282835,3
2006,1.7824878,2.460887,4
2007,1.7226828,3.2906456,5
2008,4.4189596,0.76492304,6
2009,2.6431007,1.8470501,0
2010,0.36978877,2.6723495,1
2011,0.6403422,3.2966642,2
2012,2.0174372,1.3144417,3
2013,2.1414926,1.9441588,4
2014,1.1100705,3.1351647,5
2015,2.7892306,3.5614393,6
2016,2.87755,3.6617186,0
2017,1.9015048,4.3900867,1
2018,2.4403014,3.838707,2
2019,1.4212472,5.9371543,3
2020,1.7749467,3.107035,4
2021,2.8164392,1.5508972,5
2022,4.727122,1.9577248,6
2023,1.9782639,2.405986,0
2024,2.5351486,1.9357476,1
2025,4.2502446,3.1847782,2
2026,1.1509718,2.8443408,3
2027,1.3389314,3.126566,4
2028,3.3197653,2.7521524,5
2029,0.13196175,3.3667872,6
2030,2.9641292,2.2413726,0
2031,1.5758123,3.4787178,1
2032,5.313819,1.5380751,2
2033,0.6334946,2.653475,3
2034,1.3636279,4.299432,4
2035,1.3172612,1.9795022,5
2036,1.6944016,3.672627,6
2037,2.5983164,2.1206493,0
2038,1.0915045,4.4596443,1
2039,1.6495593,3.2569852,2
2040,1.0949355,2.3434541,3
2041,1.2955058,4.6304674,4
2042,3.0350316,3.0763388,5
2043,2.438445,3.6701453,6
2044,0.4460672,2.5116024,0
2045,0.5256026,5.2109413,1
2046,0.49748176,2.5778768,2
2047,0.7808126,2.4411573,3
2048,1.2330863,3.0896888,4
2049,1.7115161,2.9054167,5
2050,0.5463339,3.1235662,6
2051,2.2036033,1.8415153,0
2052,2.4143147,3.7291334,1
2053,2.9860213,2.257647,2
2054,1.0439519,2.7538104,3
2055,1.3949311,2.7856681,4
2056,0.99090123,3.1404161,5
2057,2.1102772,3.5967631,6
2058,1.0285004,2.1447554,0
2059,0.7806189,3.1919231,1
2060,0.4413488,4.628541,2
2061,1.568743,2.4839253,3
2062,1.1681209,2.4727669,4
2063,3.4082055,1.7961452,5
2064,0.4357275,0.53612,6
2065,0.9288249,3.0052984,0
2066,2.22356,3.4932997,1
2067,2.3409884,3.0214772,2
2068,1.5431255,1.8730353,3
2069,1.3882797,4.0552464,4
2070,1.5532396,3.3149414,5
2071,1.1904712,1.4784371,6
2072,0.4238868,5.7193427,0
2073,0.29127064,2.670884,1
2074,0.68254805,1.1975577,2
2075,3.176311,3.218045,3
2076,2.125119,2.6198077,4
2077,0.67922235,4.5788393,5
2078,0.8970713,5.6548696,6
2079,1.0184711,4.25154,0
2080,4.063963,2.551639,1
2081,2.6367178,2.9763498,2
2082,0.91354537,2.5713172,3
2083,0.53485125,3.7007823,4
2084,2.204025,2.0153375,5
2085,1.2774937,3.501433,6
2086,1.9820728,2.5394175,0
2087,0.9406806,2.2318988,1
2088,4.6644917,4.5353565,2
2089,0.5898559,1.6256061,3
2090,0.93132985,2.6780548,4
2091,1.6091774,1.8515806,5
2092,0.45566303,4.940738,6
2093,2.5618682,2.053381,0
2094,0.47525343,2.9577134,1
2095,1.8074721,2.2533603,2
2096,0.4975099,2.2629116,3
2097,2.0835738,2.7936983,4
2098,0.7815313,4.7184854,5
2099,1.4152457,3.5823812,6
2100,0.5094965,4.90996,0
2101,3.1895354,2.3853393,1
2102,4.1225457,2.2578092,2
2103,0.7173169,2.5618575,3
2104,2.122776,3.2082043,4
2105,2.4734025,1.6390324,5
2106,0.5412259,3.1450343,6
2107,1.2571151,3.5704658,0
2108,1.6105506,1.927095,1
2109,4.3788586,5.462534,2
2110,2.261742,3.6187232,3
2111,1.3352317,2.0464215,4
2112,1.2805967,3.4813273,5
2113,1.0828341,1.2156398,6
2114,1.548447,3.3009007,0
2115,2.5187197,3.1942968,1
2116,0.84560776,3.2385206,2
2117,0.6620315,1.0368453,3
2118,1.7582405,3.8351905,4
2119,1.344557,3.038321,5
2120,1.4973071,2.3676736,6
2121,2.0799627,1.5683259,0
2122,0.7518537,3.7117078,1
2123,2.6764772,2.5245395,2
2124,1.0904119,1.0122306,3
2125,0.79234326,2.1033332,4
2126,1.0314487,3.3285272,5
2127,0.94634897,3.882266,6
2128,1.1173327,5.1243834,0
2129,1.8676437,2.0985951,1
2130,6.01025,2.9274166,2
2131,0.80899894,3.6039398,3
2132,1.347199,3.0567665,4
2133,1.7093713,2.6208377,5
2134,0.929309,0.79008496,6
2135,2.106467,2.42362,0
2136,2.696537,3.6935625,1
2137,4.480119,3.0653396,2
2138,2.6279645,3.7614586,3
2139,0.66459066,2.9813218,4
2140,1.8056155,3.7279484,5
2141,1.2000027,3.4933245,6
2142,1.3261689,3.7828064,0
2143,3.8304842,3.779951,1
2144,0.7863699,4.653841,2
2145,2.38391,3.903493,3
2146,1.3208055,1.7302315,4
2147,0.52664703,3.2450614,5
2148,1.279222,1.9742713,6
2149,0.36963004,4.004592,0
2150,1.2942325,3.5423515,1
2151,2.271461,3.5337791,2
2152,1.55107,4.1831965,3
2153,1.0912789,1.5202153,4
2154,0.6596358,5.019272,5
2155,0.48369464,4.1801124,6
2156,2.2233078,1.976191,0
2157,0.8027618,3.7179103,1
2158,3.963637,4.411514,2
2159,1.0786154,3.0480762,3
2160,1.2691023,2.2533467,4
2161,1.3926198,4.1649704,5
2162,0.62905943,1.668555,6
2163,2.5898418,1.5025427,0
2164,1.6265017,2.9156086,1
2165,2.5315495,3.8711905,2
2166,1.8580589,2.056842,3
2167,1.9261067,5.1373568,4
2168,1.7365694,2.407579,5
2169,0.81402934,3.5920281,6
2170,0.79722255,3.660842,0
2171,0.6557098,3.2267177,1
2172,0.6735384,4.050499,2
2173,1.491873,3.159661,3
2174,1.1218634,5.6109037,4
2175,0.42733026,6.426559,5
2176,1.4013908,3.2271647,6
2177,5.459697,0.6090326,0
2178,4.688527,3.072072,1
2179,3.766668,2.9086711,2
2180,2.5783849,5.865454,3
2181,1.7891556,1.7701172,4
2182,1.0354502,4.7138305,5
2183,0.56980675,3.5067012,6
2184,0.20223394,5.708113,0
2185,1.2067586,3.9572623,1
2186,0.9942889,4.6927114,2
2187,3.2631896,1.5948017,3
2188,1.4431806,3.9447575,4
2189,1.6792078,3.6000416,5
2190,0.9309615,4.0231566,6
2191,1.750332,1.7855809,0
2192,5.973449,3.34002,1
2193,6.0025454,3.6983109,2
2194,1.8767072,5.566108,3
2195,2.9891891,1.0915755,4
2196,2.6299703,1.3665748,5
2197,1.3918238,5.341031,6
2198,1.0852296,2.9843652,0
2199,2.2809453,3.054762,1
2200,5.6973834,4.2631607,2
2201,0.5734187,2.9360735,3
2202,1.0330997,4.1920033,4
2203,0.59814346,3.7357144,5
2204,1.1330482,2.4549367,6
2205,1.1787511,2.6549106,0
2206,3.2780578,2.7260516,1
2207,3.8194335,2.732829,2
2208,2.5334594,2.0100672,3
2209,0.76192117,4.6020036,4
2210,0.89508915,4.037831,5
2211,1.8334713,2.4283533,6
2212,0.7865527,3.7276533,0
2213,3.7000117,3.9183784,1
2214,0.5542135,2.7534947,2
2215,2.34543,1.771859,3
2216,1.7373264,2.4070551,4
2217,1.998497,3.363434,5
2218,1.1230997,4.26884,6
2219,6.574638,1.4960442,0
2220,0.95930064,4.0652175,1
2221,1.757065,3.128078,2
2222,2.1657183,2.9475927,3
2223,2.4699779,3.6174104,4
2224,2.059365,1.8000283,5
2225,0.5706165,0.7346812,6
2226,4.230013,0.92011166,0
2227,2.3457263,2.5533292,1
2228,5.9409304,3.7733939,2
2229,0.60966086,2.6979425,3
2230,0.90790045,2.0883365,4
2231,1.3764231,5.0012493,5
2232,0.88449174,1.5870802,6
2233,5.1700907,0.79904735,0
2234,0.557253,2.8015394,1
2235,2.066345,2.5460024,2
2236,1.4923872,3.7079666,3
2237,1.6192319,2.9864216,4
2238,0.88317215,5.8649416,5
2239,0.52787155,1.8983672,6
2240,0.88606244,3.3158627,0
2241,2.4011743,4.4681773,1
2242,4.4734855,2.7761955,2
2243,0.8929037,4.231641,3
2244,1.2125509,3.8404248,4
2245,0.82785195,5.072345,5
2246,0.41345632,3.263978,6
2247,4.387867,1.2547058,0
2248,1.1242626,3.6616182,1
2249,2.6235466,2.2870538,2
2250,1.4817423,3.0855381,3
2251,1.5059401,1.7142482,4
2252,1.6277266,3.437878,5
2253,0.9943808,0.48449838,6
2254,0.3738368,3.8321085,0
2255,2.9987202,4.7319655,1
2256,1.1539824,2.4374604,2
2257,0.75302416,1.7284538,3
2258,1.8843509,2.938609,4
2259,1.0416194,3.800883,5
2260,1.2552594,2.056043,6
2261,3.0236099,1.5214624,0
2262,0.5181164,4.716253,1
2263,1.3280739,3.0301309,2
2264,0.964475,3.5739536,3
2265,1.6731977,3.5526786,4
2266,1.0332445,3.5244694,5
2267,0.34292492,1.4348303,6
2268,1.5751077,3.4627595,0
2269,0.9711454,3.4900641,1
2270,2.355254,2.4802523,2
2271,0.53889775,3.2498274,3
2272,1.5073218,3.2106352,4
2273,1.6506023,1.6414347,5
2274,0.35363737,2.3624249,6
2275,2.9588234,1.3573282,0
2276,3.3711224,3.2218182,1
2277,0.24236068,2.5526235,2
2278,0.67978734,2.3398476,3
2279,2.577592,2.0984685,4
2280,2.13375,3.7742949,5
2281,1.2129412,3.400048,6
2282,2.326408,2.0096297,0
2283,0.6367993,4.099781,1
2284,0.6931957,2.806982,2
2285,0.9103563,2.6935816,3
2286,1.1723104,2.0923502,4
2287,1.6417707,3.7970686,5
2288,2.0145812,4.421821,6
2289,1.5680383,3.9302635,0
2290,3.2577598,1.7720526,1
2291,2.4932246,3.4648604,2
2292,2.780143,3.6573794,3
2293,2.0401225,4.445153,4
2294,1.7554443,3.7380247,5
2295,1.2475781,3.9601364,6
2296,0.45561552,5.26509,0
2297,2.8008332,2.8922975,1
2298,2.584139,3.9081433,2
2299,0.8514914,1.9998741,3
2300,1.0998949,4.1074095,4
2301,1.4147485,2.8939497,5
2302,0.69689107,1.6117141,6
2303,1.8972002,2.1024725,0
2304,3.7719524,3.3989837,1
2305,0.6898803,3.8231168,2
2306,0.34334397,1.7406176,3
2307,1.6405115,3.9390373,4
2308,0.61548495,3.6155324,5
2309,2.074562,0.84053016,6
2310,0.765538,4.080927,0
2311,0.7621188,2.9820564,1
2312,1.0648875,4.3795185,2
2313,1.7898881,2.9374433,3
2314,1.1326225,2.5420709,4
2315,1.9711007,3.7241716,5
2316,1.245697,2.097355,6
2317,3.660194,1.3555743,0
2318,1.940737,2.1881711,1
2319,1.5809016,3.0304065,2
2320,1.9867151,6.3158646,3
2321,1.4505392,5.0008574,4
2322,0.951547,3.5126326,5
2323,1.5816759,3.9220598,6
2324,2.9638646,2.247233,0
2325,0.6075521,2.932544,1
2326,1.8374207,2.6576552,2
2327,1.2169579,1.02554,3
2328,1.8511615,1.8224471,4
2329,0.8051516,4.046715,5
2330,0.66862196,2.2892692,6
2331,0.71437687,3.2279804,0
2332,1.756993,2.8060994,1
2333,1.3520684,2.977583,2
2334,1.0971104,2.5990102,3
2335,1.3374879,2.7123866,4
2336,0.940288,4.1051135,5
2337,0.41668132,3.7736058,6
2338,0.9164038,3.6765456,0
2339,1.1231604,2.906125,1
2340,2.1095421,4.110126,2
2341,0.37746507,0.7853191,3
2342,1.6000628,3.7973096,4
2343,2.303864,1.4836537,5
2344,0.8704719,3.580058,6
2345,4.480376,1.643414,0
2346,0.87959856,4.085247,1
2347,0.8575597,3.8963895,2
2348,3.048325,3.0621874,3
2349,1.6087584,2.7115784,4
2350,0.95906144,4.677905,5
2351,1.615335,5.471884,6
2352,0.9937692,3.9998612,0
2353,3.4854927,2.5294294,1
2354,0.19398075,3.4254076,2
2355,1.662085,1.8871838,3
2356,1.5216498,2.0911453,4
2357,2.6970763,2.3083637,5
2358,1.5157484,3.4215183,6
2359,3.3922207,1.5582038,0
2360,3.3941512,3.2627752,1
2361,2.788054,3.1510124,2
2362,0.76095575,3.440623,3
2363,1.3104465,3.5862436,4
2364,2.409754,3.2747755,5
2365,0.9885341,3.2622886,6
2366,0.4567534,4.106931,0
2367,3.0798683,3.7426221,1
2368,4.1305504,4.8946295,2
2369,1.4436005,1.7905462,3
2370,1.525176,4.810345,4
2371,2.5233436,1.7004888,5
2372,1.4824861,1.9120014,6
2373,2.1525135,1.7739077,0
2374,1.9398007,3.0899034,1
2375,1.136933,2.5766613,2
2376,1.2462925,3.194519,3
2377,1.4934368,1.893412,4
2378,0.54393286,3.3089757,5
2379,0.950296,2.2315686,6
2380,2.1767898,3.113638,0
2381,0.5292505,3.479486,1
2382,2.085016,3.0176437,2
2383,0.9991915,3.5904703,3
2384,0.9827883,2.5966737,4
2385,0.57260656,4.9211497,5
2386,1.9801264,2.341813,6
2387,3.5300994,1.6452904,0
2388,0.64299953,2.2371678,1
2389,2.802362,4.761675,2
2390,1.689954,5.2671266,3
2391,1.6111231,2.7476344,4
2392,1.6888764,2.0478482,5
2393,0.7876663,5.494895,6
2394,2.6376793,2.2990236,0
2395,3.9848473,3.14954,1
2396,1.8276995,3.2738614,2
2397,0.40921715,1.7079735,3
2398,0.97686327,2.2455337,4
2399,3.3444543,1.1108441,5
2400,0.82606345,4.4566736,6
2401,0.66423887,2.8884048,0
2402,1.1158497,2.381474,1
2403,0.5193115,2.2369947,2
2404,3.2709696,3.7942834,3
2405,0.9862372,4.318811,4
2406,3.0659933,3.1291857,5
2407,0.9592508,2.949766,6
2408,1.1527561,2.2730591,0
2409,4.9149346,3.463682,1
2410,3.5111303,2.5441017,2
2411,2.9574504,2.988205,3
2412,2.2045057,2.401034,4
2413,1.7476494,2.1873734,5
2414,0.5638483,3.6175108,6
2415,0.7645279,3.9381466,0
2416,2.3145635,3.13554,1
2417,1.0119487,4.2476554,2
2418,1.2492507,1.5476788,3
2419,1.6733886,2.554093,4
2420,0.9887818,4.044755,5
2421,0.35796073,1.0233997,6
2422,1.3863611,1.7294229,0
2423,0.7585594,2.7433312,1
2424,2.109136,2.5920281,2
2425,1.7583065,2.8096187,3
2426,1.3550794,3.6308436,4
2427,0.78930414,5.036685,5
2428,0.73797596,2.5126405,6
2429,3.0937471,2.5850377,0
2430,0.7215568,3.8581147,1
2431,1.4982438,2.9244087,2
2432,1.9519944,2.3460603,3
2433,0.9358964,4.010139,4
2434,3.7512612,3.4165242,5
2435,1.4923579,2.3767736,6
2436,0.4046654,4.9509897,0
2437,2.963877,4.735502,1
2438,2.0117764,3.176893,2
2439,0.95203114,2.9961915,3
2440,1.9524071,2.678965,4
2441,1.251486,2.0839965,5
2442,0.9855425,1.9257528,6
2443,2.3193226,2.6364264,0
2444,1.4133301,3.6381788,1
2445,0.37516582,3.6415281,2
2446,1.3134844,2.321154,3
2447,1.6331213,3.9426806,4
2448,1.3742201,2.090178,5
2449,1.5202564,2.226537,6
2450,1.6081978,2.32384,0
2451,5.0402546,3.3582056,1
2452,0.7310977,3.4635508,2
2453,0.8237989,2.360242,3
2454,1.3463519,3.9192815,4
2455,1.8348354,3.051758,5
2456,2.1991394,2.8841276,6
2457,2.3013499,2.3224,0
2458,0.7816931,3.3751583,1
2459,0.42313054,2.6935792,2
2460,0.9600461,1.6693634,3
2461,2.158681,1.519344,4
2462,0.8097385,2.8995223,5
2463,1.580621,5.628458,6
2464,0.38780785,5.746234,0
2465,0.70171463,4.6191225,1
2466,0.26277465,2.2221384,2
2467,4.277982,7.682207,3
2468,1.1813666,4.782347,4
2469,1.9164581,3.007721,5
2470,2.1095607,2.0901,6
2471,4.435689,1.897949,0
2472,0.1903251,4.0943437,1
2473,2.3522933,3.7097385,2
2474,1.3745164,4.887982,3
2475,1.297637,5.075645,4
2476,2.0356643,4.8174276,5
2477,0.6678456,0.96536815,6
2478,0.45660377,5.1229663,0
2479,1.2054462,3.014889,1
2480,0.44460493,3.2743726,2
2481,1.7523334,2.7275395,3
2482,1.2736593,4.779625,4
2483,2.4950418,1.8576674,5
2484,1.5193905,2.8568115,6
2485,0.6985539,3.7394147,0
2486,0.72920144,2.7174482,1
2487,0.12715918,4.2411723,2
2488,0.80389315,2.442754,3
2489,1.5914482,3.9282417,4
2490,2.9054961,2.8173957,5
2491,1.0302775,3.7834296,6
2492,2.6527846,2.3998947,0
2493,1.6628696,2.0061016,1
2494,0.3937243,3.2505617,2
2495,1.7543207,7.1766067,3
2496,1.1038297,2.940267,4
2497,0.69051415,3.7638066,5
2498,0.9942821,2.4915047,6
2499,0.8271326,2.3806012,0
2500,3.9386652,2.0084946,1
2501,1.1860038,3.6279547,2
2502,0.6498312,3.3499146,3
2503,1.9266384,2.273902,4
2504,1.4715098,3.7877085,5
2505,0.5167269,4.158443,6
2506,6.788878,0.692777,0
2507,1.097794,4.3741255,1
2508,0.59428734,2.5420232,2
2509,1.4736165,4.0634227,3
2510,1.4382833,2.775409,4
2511,0.48882362,5.1424766,5
2512,0.93833256,5.7916636,6
2513,1.4124442,1.8944018,0
2514,2.0535576,1.6672285,1
2515,2.8018668,5.4346447,2
2516,1.1854012,3.6695335,3
2517,2.0789108,3.6442165,4
2518,2.280179,2.0572999,5
2519,0.5446275,2.5622382,6
2520,1.8696178,1.4343358,0
2521,1.458559,3.9970489,1
2522,0.77166086,4.1230865,2
2523,1.1240022,4.0517707,3
2524,1.0109124,4.1166563,4
2525,0.80126643,4.6445236,5
2526,1.0049095,1.10393,6
2527,2.9388556,1.0684642,0
2528,0.5259765,3.4440973,1
2529,0.7608845,3.566177,2
2530,1.3974451,2.2123895,3
2531,1.4762135,3.4840786,4
2532,1.1084948,3.9702144,5
2533,0.9349258,2.109912,6
2534,1.3014532,2.6936924,0
2535,2.4680767,3.129237,1
2536,0.34376776,3.408613,2
2537,0.945835,3.0225563,3
2538,1.7821084,2.755804,4
2539,0.71644306,5.6852303,5
2540,0.75022554,1.430785,6
2541,4.837157,1.4186475,0
2542,2.3666964,2.7462423,1
2543,1.4105676,3.5616164,2
2544,1.1561563,5.0612063,3
2545,1.4468808,3.500895,4
2546,1.8544354,2.749007,5
2547,0.2027775,1.6850474,6
2548,4.9081616,2.0660343,0
2549,0.61337394,4.778382,1
2550,1.1143454,3.0079098,2
2551,1.6982474,1.524306,3
2552,1.8028622,3.6356916,4
2553,1.8905388,2.8383338,5
2554,3.1326127,1.7141033,6
2555,0.8817769,3.9980938,0
2556,3.1742394,3.6136436,1
2557,2.7241695,2.9216816,2
2558,2.660994,3.376154,3
2559,1.4073418,2.869675,4
2560,0.9220574,3.6341686,5
2561,1.8905058,3.9359727,6
2562,0.55100495,2.9266143,0
2563,2.693697,4.240088,1
2564,0.61196756,4.269395,2
2565,1.21953,5.3111773,3
2566,1.6041131,2.5126066,4
2567,1.5075957,3.3654501,5
2568,1.8142414,2.264083,6
2569,1.35694,2.909571,0
2570,1.5286803,2.3053172,1
2571,0.8448781,2.8896585,2
2572,0.9259641,2.9793978,3
2573,1.5117759,3.1915817,4
2574,0.6019244,4.6946483,5
2575,0.39980495,2.4731746,6
2576,2.135005,2.5095558,0
2577,1.446363,2.7992115,1
2578,8.302429,4.0619497,2
2579,0.4529341,1.4858788,3
2580,1.0845724,2.9739614,4
2581,1.4547622,5.659567,5
2582,1.6064348,2.2531614,6
2583,4.895541,1.3795196,0
2584,3.5192456,2.1837285,1
2585,1.9207658,2.6630309,2
2586,2.232279,5.932726,3
2587,0.95754737,3.300652,4
2588,2.590871,1.6222363,5
2589,1.1899747,2.4083297,6
2590,3.71742,1.3995342,0
2591,0.9758068,2.0492635,1
2592,0.5349445,2.6634634,2
2593,0.34136426,3.9385126,3
2594,1.4712138,4.066654,4
2595,1.6377695,2.517671,5
2596,0.7902255,4.572286,6
2597,3.4136655,1.1936308,0
2598,2.3787148,3.9896388,1
2599,2.5137365,1.8107516,2
2600,1.5328922,4.984361,3
2601,0.9602309,3.6309772,4
2602,0.9448496,5.1656027,5
2603,1.3948156,4.505888,6
2604,2.5005999,2.7332606,0
2605,1.4658195,2.7912145,1
2606,1.1260616,2.007976,2
2607,1.4576306,2.0722585,3
2608,2.0360422,3.2070246,4
2609,0.91634387,2.7587218,5
2610,0.42911723,1.5481627,6
2611,1.2382493,4.63512,0
2612,1.2704954,4.0850596,1
2613,4.222657,3.2712398,2
2614,0.83087015,1.8635337,3
2615,1.141414,4.695695,4
2616,2.1885886,2.4963176,5
2617,1.0776341,2.19904,6
2618,2.1408873,1.7760915,0
2619,2.6549273,2.8007445,1
2620,5.7654266,3.1349282,2
2621,1.3858583,1.6046047,3
2622,0.6226014,5.173716,4
2623,0.95768386,4.2755427,5
2624,1.8213885,3.2737374,6
2625,1.1245232,2.7368307,0
2626,1.2249835,3.1025224,1
2627,0.88899875,2.6495404,2
2628,1.7290518,3.2201848,3
2629,1.3405238,3.640801,4
2630,1.1352916,3.2780733,5
2631,3.7757716,2.3326786,6
2632,1.4415282,2.5574079,0
2633,0.5991824,1.7559123,1
2634,2.7365897,4.833118,2
2635,0.4128249,1.1828023,3
2636,2.1447563,2.2656813,4
2637,0.86048853,3.7108421,5
2638,0.42050534,3.4865909,6
2639,0.93782693,4.1859055,0
2640,2.0034196,2.1445215,1
2641,0.93337595,3.6648273,2
2642,1.8400086,3.4196348,3
2643,2.6658669,3.5426342,4
2644,1.2304271,2.662507,5
2645,0.98543614,1.3744711,6
2646,2.491726,2.5536685,0
2647,2.1700544,2.9167297,1
2648,0.5837219,5.0295734,2
2649,0.8834798,2.9842858,3
2650,1.8072567,1.7042711,4
2651,1.764334,2.8710752,5
2652,2.6504753,3.4416013,6
2653,1.5106759,3.3635778,0
2654,0.399137,3.9112494,1
2655,7.0166416,2.6147556,2
2656,1.7569475,3.4489312,3
2657,1.422878,2.8956392,4
2658,0.5080309,5.276416,5
2659,0.76948655,1.1013441,6
2660,1.5953097,2.3220885,0
2661,0.4280412,2.4403365,1
2662,1.8969458,3.748362,2
2663,1.9141078,2.8996274,3
2664,1.0976437,5.0807667,4
2665,1.7200123,3.6572475,5
2666,1.1624248,2.5047052,6
2667,1.0706958,3.1446335,0
2668,1.107374,3.4737418,1
2669,0.3454771,4.9021544,2
2670,2.8975043,2.4955335,3
2671,0.8177167,3.824916,4
2672,1.0525057,3.1326816,5
2673,2.6820774,2.2672448,6
2674,1.8596725,2.5203004,0
2675,1.0224364,3.4226117,1
2676,7.506595,2.9729283,2
2677,0.33397174,3.474874,3
2678,1.0011811,2.813784,4
2679,1.150619,1.9820368,5
2680,0.68106735,0.70210123,6
2681,2.6343307,1.8361385,0
2682,0.36888868,3.641471,1
2683,2.9769368,4.038059,2
2684,1.0132202,4.1063123,3
2685,0.95095253,2.4164808,4
2686,0.8482405,3.5466418,5
2687,0.6608588,1.3221219,6
2688,0.8193365,4.6370087,0
2689,0.8523184,2.8454924,1
2690,1.1268355,2.9843302,2
2691,2.1393206,7.379387,3
2692,1.4680207,1.3440101,4
2693,1.7860034,2.7430005,5
2694,1.3618836,1.4789128,6
2695,2.8871205,1.8466992,0
2696,1.3326586,2.0412383,1
2697,2.192229,3.274747,2
2698,0.87482166,1.4986708,3
2699,1.0362217,3.5862172,4
2700,1.6187872,2.1676219,5
2701,1.1844143,4.922172,6
2702,2.1542342,1.8358022,0
2703,4.2213078,2.96615,1
2704,3.9903986,1.9370499,2
2705,1.2447643,1.4275337,3
2706,1.41307,3.2664137,4
2707,1.0040654,3.6759906,5
2708,0.76527166,1.6750178,6
2709,1.743827,1.8689609,0
2710,0.4812786,5.5999107,1
2711,1.9360162,2.9452217,2
2712,2.4661815,3.7155619,3
2713,2.5044098,1.5786359,4
2714,2.0518215,1.6386133,5
2715,0.48977822,1.5596459,6
2716,0.58884805,5.0618987,0
2717,0.91182417,3.7340376,1
2718,0.7634423,3.8166966,2
2719,0.8091981,3.9936204,3
2720,0.79520595,1.8063456,4
2721,0.9113258,2.7148695,5
2722,1.6312978,2.2197535,6
2723,3.7274897,1.715346,0
2724,0.14108287,1.8597466,1
2725,2.4209402,1.9932482,2
2726,1.3968525,1.664723,3
2727,3.6869364,2.1101017,4
2728,0.7179996,4.2046194,5
2729,2.2825577,2.1366248,6
2730,4.324444,1.9772465,0
2731,0.77291137,4.124981,1
2732,2.2837489,2.8795366,2
2733,0.6900409,5.211115,3
2734,1.8263072,2.206011,4
2735,1.3446814,3.8784027,5
2736,1.0967329,2.2541645,6
2737,2.142297,2.4520504,0
2738,0.67197406,3.286284,1
2739,1.039792,2.5709171,2
2740,1.0582881,3.7622082,3
2741,1.634255,2.8092265,4
2742,1.2412996,3.573364,5
2743,2.7842572,2.505649,6
2744,2.93463,1.1924748,0
2745,2.2275589,3.5376384,1
2746,3.4532728,2.9884813,2
2747,1.1352764,4.6342363,3
2748,1.9102185,4.401123,4
2749,1.8087349,3.125559,5
2750,0.4086401,3.1305373,6
2751,0.34576792,5.774129,0
2752,0.9947307,3.0785584,1
2753,0.03557056,3.5058353,2
2754,1.1189792,6.549936,3
2755,1.4048562,2.8315985,4
2756,2.0899389,3.6754012,5
2757,0.9331992,3.3170817,6
2758,0.55264974,2.4303753,0
2759,1.0786432,1.8086983,1
2760,1.3946582,2.9485245,2
2761,1.2742066,3.9539084,3
2762,0.8020646,2.4728637,4
2763,2.5158594,1.9786124,5
2764,0.43416327,2.9623523,6
2765,1.4025679,3.2093472,0
2766,0.8531838,3.4828625,1
2767,4.2969236,6.499465,2
2768,1.0067164,1.1126046,3
2769,1.6744344,1.8871326,4
2770,1.9540156,2.419739,5
2771,1.1665618,1.2062708,6
2772,1.8105955,2.7806168,0
2773,2.8460252,3.918929,1
2774,0.94865763,2.204564,2
2775,1.2732065,4.707749,3
2776,1.117647,3.0065157,4
2777,0.7724934,2.1723754,5
2778,1.0585339,0.9899671,6
2779,2.4326591,1.5323018,0
2780,0.92246836,2.3225393,1
2781,3.3953052,3.0327015,2
2782,0.7747041,2.5494792,3
2783,1.3390632,2.3742967,4
2784,1.8221769,3.0189896,5
2785,1.2480825,1.8102701,6
2786,0.55296606,2.750331,0
2787,1.8261008,4.449108,1
2788,2.7498534,4.184831,2
2789,1.4188869,1.2485973,3
2790,1.208395,3.334764,4
2791,1.7874968,3.429365,5
2792,2.4711928,5.565455,6
2793,1.3093411,1.8131399,0
2794,2.3103073,3.6441073,1
2795,2.0109005,2.3661528,2
2796,0.22813104,0.90575266,3
2797,2.0085473,2.6484509,4
2798,2.41201,2.035037,5
2799,0.7608282,3.5025234,6
2800,0.6150856,3.9313138,0
2801,0.3769914,4.9806113,1
2802,1.9082553,2.6751332,2
2803,1.7556905,2.8999338,3
2804,1.1765611,1.8594065,4
2805,1.4921759,2.4079826,5
2806,1.327338,1.2117243,6
2807,2.724873,2.3518457,0
2808,0.2484448,4.42958,1
2809,1.8190212,2.6231992,2
2810,3.9692407,2.5515604,3
2811,1.3972492,1.6977196,4
2812,0.95771277,2.8143585,5
2813,1.0513984,2.8528295,6
2814,1.7612524,2.188991,0
2815,1.3992462,4.054816,1
2816,2.6982415,3.9282682,2
2817,1.5551912,4.9779553,3
2818,0.7992547,3.5133123,4
2819,1.7700686,3.4612825,5
2820,2.2114568,0.49712166,6
2821,1.2021648,3.927497,0
2822,1.8755757,2.036871,1
2823,0.9266418,2.5370436,2
2824,1.8793392,1.1472998,3
2825,1.0717502,2.2627633,4
2826,1.1768912,2.7612948,5
2827,2.7345135,3.676759,6
2828,2.917875,2.3534164,0
2829,0.8716032,2.583159,1
2830,1.2740582,3.0051079,2
2831,1.7722945,4.4106035,3
2832,0.8310672,1.8734488,4
2833,2.092896,3.5330777,5
2834,1.1253573,2.0267663,6
2835,1.718831,3.1406996,0
2836,3.064308,4.4490237,1
2837,3.081499,3.0001683,2
2838,0.79828286,2.4664803,3
2839,2.081561,3.3058233,4
2840,0.9150281,3.548635,5
2841,0.75900877,2.5189438,6
2842,1.1607721,2.5675216,0
2843,0.92075586,2.259386,1
2844,0.8881651,3.4425082,2
2845,1.9191408,4.7488155,3
2846,1.6094255,1.8054814,4
2847,0.8930955,3.5640879,5
2848,0.5039476,2.0533695,6
2849,2.865326,1.98494,0
2850,1.0444734,5.259632,1
2851,1.3092707,3.0782912,2
2852,0.95970386,1.4484279,3
2853,1.3650025,3.3106496,4
2854,1.3491938,5.048444,5
2855,1.9663262,2.5040927,6
2856,2.8092523,1.2962997,0
2857,4.33492,2.84377,1
2858,0.31724796,2.9287276,2
2859,1.4165456,6.166041,3
2860,1.0099853,2.7867723,4
2861,0.7995423,4.093804,5
2862,2.8597803,3.6856065,6
2863,1.0818737,4.6821465,0
2864,2.3626938,2.192015,1
2865,3.5123506,4.4720373,2
2866,1.3036919,2.2051575,3
2867,1.540553,2.640274,4
2868,0.50999576,3.277633,5
2869,2.6428115,2.239436,6
2870,2.2210116,2.988021,0
2871,2.6286194,3.1552007,1
2872,0.32402623,4.7274723,2
2873,0.6497646,1.4955382,3
2874,2.0694253,2.4624417,4
2875,1.1444045,3.14837,5
2876,0.5392205,2.3033028,6
2877,7.6087065,0.5770223,0
2878,0.99241674,4.7892375,1
2879,0.40964657,3.9693224,2
2880,1.9491594,2.5361323,3
2881,1.9654446,2.0508685,4
2882,2.3230016,2.6396723,5
2883,0.7924483,1.8059554,6
2884,2.9524164,2.0442564,0
2885,1.187494,3.4668627,1
2886,0.39692515,3.06975,2
2887,1.6613739,5.6674414,3
2888,1.5728897,3.9391067,4
2889,0.30243692,4.7824473,5
2890,0.8867493,0.47366065,6
2891,6.428502,1.3812839,0
2892,0.8368503,3.9188278,1
2893,4.685637,4.1730127,2
2894,2.0776792,1.4593636,3
2895,2.1618457,3.174848,4
2896,1.1847531,3.8318417,5
2897,1.7356529,2.3554459,6
2898,2.3233948,1.6692246,0
2899,0.35736787,3.8996396,1
2900,0.3168844,2.9157784,2
2901,0.6152305,1.5623214,3
2902,2.647646,3.3287585,4
2903,1.3364441,5.196618,5
2904,0.8155466,3.2750692,6
2905,3.1500092,1.5919615,0
2906,0.67377007,4.424848,1
2907,0.8811065,3.413855,2
2908,1.0753045,1.749198,3
2909,1.2659014,3.630757,4
2910,1.2081017,2.5185761,5
2911,1.1961541,1.4635874,6
2912,1.314075,3.054118,0
2913,1.2564647,3.1505158,1
2914,3.89415,4.057634,2
2915,0.7725611,4.6529145,3
2916,1.9547167,3.546495,4
2917,1.049393,4.128562,5
2918,1.2746835,2.4878976,6
2919,0.9315975,4.0060463,0
2920,6.268578,3.5791297,1
2921,0.55052125,5.2361636,2
2922,1.5050923,2.0728936,3
2923,2.6215146,2.956831,4
2924,1.1904614,4.7619147,5
2925,0.9922891,3.0172615,6
2926,4.0294065,2.101419,0
2927,5.6757364,4.6248813,1
2928,0.42832732,4.7896676,2
2929,0.6824235,1.7855487,3
2930,1.5567018,2.071549,4
2931,1.4810567,2.8143358,5
2932,1.923162,3.1457403,6
2933,5.02886,0.99623036,0
2934,1.4174404,3.3926666,1
2935,0.44063017,4.777094,2
2936,0.52396256,6.31472,3
2937,2.554173,2.866818,4
2938,2.3565183,1.8700205,5
2939,1.8349848,1.6060116,6
2940,3.9574013,1.4758514,0
2941,1.8789535,3.3288074,1
2942,3.980486,2.303111,2
2943,0.8129671,3.1005046,3
2944,1.2451175,6.3097763,4
2945,0.7681,3.3779385,5
2946,3.4663596,3.019618,6
2947,2.6233273,1.0085045,0
2948,0.8738023,4.3281727,1
2949,0.5705253,1.3350763,2
2950,0.7075702,1.916228,3
2951,1.5741115,2.6602566,4
2952,1.5166168,2.9086173,5
2953,0.5135946,2.503431,6
2954,2.3418229,2.297847,0
2955,0.8530786,2.9452558,1
2956,6.7677045,2.5985835,2
2957,0.6495048,1.0264283,3
2958,1.3985958,3.7518048,4
2959,1.4348795,3.3461995,5
2960,1.1284989,4.4583607,6
2961,1.9562676,2.3591838,0
2962,3.3438942,3.3445692,1
2963,0.4581315,3.5794573,2
2964,2.4893057,0.9598806,3
2965,2.0551598,2.8734894,4
2966,0.7141857,4.8500676,5
2967,1.5253375,1.2858543,6
2968,0.8074899,4.7307687,0
2969,0.614334,2.502411,1
2970,0.38846716,4.4525714,2
2971,1.977731,3.8084757,3
2972,1.2635102,1.8336867,4
2973,2.8683314,3.5834277,5
2974,1.9596982,2.412369,6
2975,2.4707706,3.0812244,0
2976,1.1754928,3.003687,1
2977,1.2736826,3.648342,2
2978,1.416296,3.802455,3
2979,0.8254499,3.479966,4
2980,1.4472463,2.0872767,5
2981,1.2652683,3.7662508,6
2982,0.8895561,2.8500054,0
2983,1.2508092,3.5152602,1
2984,4.275951,3.1957426,2
2985,1.2232807,2.5606341,3
2986,0.7764581,3.7668204,4
2987,2.0831258,2.1805356,5
2988,0.63910854,2.210056,6
2989,1.380006,1.5853084,0
2990,0.71713126,4.0796,1
2991,1.7704997,3.9004698,2
2992,2.3185418,4.575315,3
2993,1.3576295,2.0352476,4
2994,0.93633884,3.2746174,5
2995,3.3908095,2.3785,6
2996,3.3623815,1.4660814,0
2997,4.0396986,3.443008,1
2998,0.72285044,1.9575243,2
2999,1.9514492,4.82689,3
3000,1.1243287,2.2763076,4
3001,1.7692024,3.3032608,5
3002,0.76393235,1.2702781,6
3003,0.8339714,2.49994,0
3004,3.0573163,2.785292,1
3005,1.2030398,2.5605462,2
3006,0.9894799,3.4568045,3
3007,0.81747526,5.0393224,4
3008,0.9100742,3.2635598,5
3009,1.1018666,4.984219,6
3010,0.53175396,2.9151244,0
3011,0.9261508,2.6272705,1
3012,3.8448071,4.0570626,2
3013,1.0479605,3.0809333,3
3014,1.3098722,2.9187932,4
3015,2.770007,3.0609837,5
3016,0.66152835,3.5221634,6
3017,1.6579716,2.5450122,0
3018,1.6710713,4.066379,1
3019,1.8959463,3.8824768,2
3020,0.7358188,2.3451507,3
3021,1.7744113,3.6888146,4
3022,0.73576874,3.8353631,5
3023,0.8405697,1.0974076,6
3024,0.9771443,2.0228796,0
3025,2.3478813,2.7569544,1
3026,2.1848264,3.1581635,2
3027,3.0607507,3.8182611,3
3028,1.4086514,2.780983,4
3029,1.0396597,4.7131767,5
3030,1.6428112,4.2577276,6
3031,2.6472738,1.952529,0
3032,3.3125722,3.7218997,1
3033,0.39588487,2.8077488,2
3034,1.5282655,2.762196,3
3035,1.2256174,2.1655378,4
3036,1.466502,3.3842397,5
3037,1.3129513,2.8573747,6
3038,0.7875239,2.2460806,0
3039,1.3628231,3.5082884,1
3040,3.1078606,4.1023736,2
3041,3.4600754,3.1054502,3
3042,0.5828551,3.1009064,4
3043,2.3282557,2.5033803,5
3044,1.3653933,1.0151826,6
3045,1.6954731,2.1437802,0
3046,0.9523403,4.576615,1
3047,2.5665493,2.6511474,2
3048,0.7562728,3.3898067,3
3049,1.1590945,3.607626,4
3050,1.7730713,2.8949544,5
3051,1.7787541,1.3878589,6
3052,2.7273953,3.0842373,0
3053,1.0519377,3.174205,1
3054,2.022836,3.0484333,2
3055,2.2619433,3.0592732,3
3056,1.4650538,1.2547748,4
3057,1.2251849,3.1525126,5
3058,1.6288828,4.4774528,6
3059,1.4799029,1.6987534,0
3060,2.6946325,2.420119,1
3061,4.0336294,3.060434,2
3062,0.61847556,2.7651973,3
3063,1.1328942,4.689349,4
3064,1.3576437,5.652976,5
3065,1.2616231,0.96037865,6
3066,1.7376764,2.1482565,0
3067,1.4238353,1.6812599,1
3068,1.3412573,1.9379778,2
3069,3.1499572,3.9250627,3
3070,0.9755609,3.9507942,4
3071,0.63881546,2.4944253,5
3072,1.1944114,2.1764827,6
3073,0.4662931,4.065625,0
3074,3.9028468,2.2115593,1
3075,2.3192272,3.7252364,2
3076,0.8224612,3.1662302,3
3077,1.512979,4.795199,4
3078,0.79145366,4.8962603,5
3079,1.0369548,1.7797508,6
3080,0.96708834,3.876722,0
3081,1.4632659,2.1240559,1
3082,1.3803549,3.8345742,2
3083,1.6072028,4.9080954,3
3084,2.6942396,1.3189116,4
3085,1.9616854,3.3279989,5
3086,0.63134164,2.7727535,6
3087,1.7332833,3.4409657,0
3088,4.1426435,2.974253,1
3089,0.39393303,3.7767959,2
3090,1.6516726,2.5278113,3
3091,0.7862777,1.9966359,4
3092,2.32737,3.91967,5
3093,0.77624154,3.290044,6
3094,2.1742477,2.17135,0
3095,0.9498477,4.495633,1
3096,1.9367516,5.296865,2
3097,1.1239737,1.9381113,3
3098,1.0626206,2.571839,4
3099,2.350341,2.5666761,5
3100,0.55761886,1.2515115,6
3101,1.8807971,2.0731635,0
3102,2.0959048,2.7322583,1
3103,0.5409094,3.751023,2
3104,1.3606617,4.7103796,3
3105,2.156498,3.1700134,4
3106,0.93220115,4.514645,5
3107,1.5403222,1.7808278,6
3108,1.1935691,3.0617,0
3109,2.3245342,3.1118007,1
3110,6.0070066,2.3895404,2
3111,2.464551,1.9175406,3
3112,1.1256368,4.1255813,4
3113,1.3117386,4.591886,5
3114,1.7284102,4.022563,6
3115,0.86200684,1.8541865,0
3116,0.9616956,4.0942087,1
3117,0.2797047,3.1264272,2
3118,1.3104913,2.7328193,3
3119,1.4037657,4.2713733,4
3120,1.3436614,3.124372,5
3121,1.6949797,4.106178,6
3122,0.6861471,3.0768487,0
3123,3.508177,2.7365322,1
3124,0.6832829,3.9270759,2
3125,0.9822167,5.56648,3
3126,1.7385291,4.245265,4
3127,1.3249536,5.3431296,5
3128,0.7920977,2.003519,6
3129,0.97924143,3.4088209,0
3130,0.76058084,2.5707984,1
3131,4.700616,2.239411,2
3132,3.2686334,3.1873157,3
3133,0.7428574,1.7237606,4
3134,0.79405856,4.335032,5
3135,1.7884998,3.1434593,6
3136,1.8785808,1.973155,0
3137,5.872349,2.6636171,1
3138,0.8007339,2.4068074,2
3139,1.2761317,2.1163301,3
3140,2.5429406,1.5138221,4
3141,0.9435296,3.4761999,5
3142,1.2570472,2.5211096,6
3143,1.6145301,2.0714698,0
3144,1.2330194,2.0286858,1
3145,5.9025536,2.326185,2
3146,1.8092258,3.4194822,3
3147,1.6575005,3.2136872,4
3148,1.131397,3.9830904,5
3149,2.1887023,1.7936724,6
3150,2.2608855,1.5400155,0
3151,0.33671215,2.613536,1
3152,2.088846,3.8461688,2
3153,1.8272338,4.64311,3
3154,1.7926372,3.7738075,4
3155,1.3015766,3.7849119,5
3156,1.482861,3.2300072,6
3157,1.1041762,4.1077776,0
3158,0.6585778,3.4979486,1
3159,0.5378413,1.9749229,2
3160,1.8750054,3.2671394,3
3161,1.5744779,4.930742,4
3162,3.6507244,4.0360723,5
3163,0.2867573,1.9906216,6
3164,1.9519014,3.043535,0
3165,0.6631073,3.6228075,1
3166,1.8889619,2.8779907,2
3167,2.1951854,2.5769699,3
3168,0.8829812,2.3155663,4
3169,1.3768966,4.1100554,5
3170,1.0385742,1.7555506,6
3171,0.57607466,3.4235504,0
3172,2.6008682,4.195103,1
3173,0.7559424,2.0799806,2
3174,0.56834745,2.4281917,3
3175,1.242144,4.897329,4
3176,1.368346,4.580859,5
3177,0.55236673,2.2364197,6
3178,0.6520235,5.393204,0
3179,4.152138,3.2758117,1
3180,0.99964666,3.397926,2
3181,1.0265131,4.8975487,3
3182,2.4609776,2.889321,4
3183,1.7634798,3.3019364,5
3184,0.5394165,3.4223585,6
3185,1.3471136,2.648773,0
3186,4.8707814,3.341659,1
3187,0.2823547,3.3331835,2
3188,1.073979,1.7236447,3
3189,0.9930726,1.6562111,4
3190,1.8519579,4.056963,5
3191,1.1066021,2.3953862,6
3192,7.3936086,0.3387248,0
3193,1.6564792,2.377094,1
3194,0.33898312,4.0297327,2
3195,1.0966401,4.312346,3
3196,1.0009731,1.8097575,4
3197,1.8633738,5.300796,5
3198,1.0315555,2.8357208,6
3199,1.0877492,3.3436785,0
3200,2.9530134,3.016716,1
3201,3.885138,3.5635028,2
3202,0.6995922,3.7254765,3
3203,2.088791,4.065058,4
3204,1.8981701,2.532121,5
3205,1.2726854,2.6092334,6
3206,1.0762919,2.8011966,0
3207,2.8985844,4.124369,1
3208,5.900171,3.6741586,2
3209,1.1186543,2.8791606,3
3210,1.9541048,2.5430717,4
3211,1.9019676,2.5364227,5
3212,1.797259,2.111838,6
3213,0.67957646,4.4542475,0
3214,2.2415047,3.9066646,1
3215,0.59249467,5.5616612,2
3216,0.7889155,1.4298763,3
3217,0.5932446,3.199161,4
3218,1.0001205,4.288228,5
3219,0.75704885,0.7761215,6
3220,1.1556135,2.5874636,0
3221,1.6726989,2.885086,1
3222,5.213545,2.5295808,2
3223,1.5396268,1.9245102,3
3224,1.8782637,2.159836,4
3225,1.3079274,2.6886928,5
3226,2.1230152,1.3023937,6
3227,0.47589815,2.8517554,0
3228,1.1503285,3.8079128,1
3229,1.0352253,5.735526,2
3230,1.2386615,2.4597664,3
3231,1.0059068,4.442956,4
3232,1.2880936,4.0241957,5
3233,0.43662274,3.1811247,6
3234,0.9750548,3.4725187,0
3235,3.839735,2.795022,1
3236,1.5930672,3.2534978,2
3237,2.5704594,2.7797472,3
3238,1.7647313,4.6701636,4
3239,0.82213247,3.1555958,5
3240,0.94686437,3.9152133,6
3241,0.7950401,2.0423114,0
3242,1.0142465,3.9072654,1
3243,3.3003278,2.7037091,2
3244,0.34266204,1.3353115,3
3245,1.1586745,4.193588,4
3246,0.92921704,3.4494567,5
3247,0.8601923,2.698707,6
3248,4.0044003,2.0549948,0
3249,0.83960664,3.8887415,1
3250,0.94745135,3.3154197,2
3251,0.48448288,6.594883,3
3252,0.76396817,2.782784,4
3253,1.2782592,2.5355072,5
3254,1.6405039,1.2919058,6
3255,1.4403877,2.0360007,0
3256,0.6793082,4.9900193,1
3257,2.2404094,4.1147246,2
3258,1.286284,4.0831175,3
3259,1.7752582,2.4999146,4
3260,2.371752,4.8864007,5
3261,1.5473931,1.4648311,6
3262,3.2231853,3.0716298,0
3263,2.7182856,1.8006283,1
3264,1.0750295,4.447716,2
3265,1.7257088,2.961658,3
3266,2.1828654,2.8669248,4
3267,1.5942974,3.0866027,5
3268,1.0093436,1.7860299,6
3269,1.0766193,2.3372185,0
3270,1.6271884,4.012596,1
3271,0.46839368,2.3330681,2
3272,0.49239498,3.606533,3
3273,1.6909802,3.3886254,4
3274,3.621845,3.2396774,5
3275,2.6447818,3.679358,6
3276,1.1203625,2.3465726,0
3277,1.3089538,3.5399742,1
3278,1.9375329,1.7814816,2
3279,1.2686163,2.8068023,3
3280,1.428174,4.2227426,4
3281,1.2629749,2.5007553,5
3282,0.9502515,1.7869681,6
3283,1.6965518,2.3197942,0
3284,1.7983387,3.4277916,1
3285,1.1749659,2.5307646,2
3286,0.88088405,3.7285206,3
3287,1.092735,2.9065537,4
3288,1.0090219,4.5173163,5
3289,3.04382,1.9488344,6
3290,0.45204014,6.3256216,0
3291,1.4647505,2.9301598,1
3292,3.8490553,2.6554441,2
3293,0.82297575,4.0136504,3
3294,1.5811343,2.581594,4
3295,2.2581897,1.8196189,5
3296,1.0939901,1.9944645,6
3297,1.766571,2.5518746,0
3298,1.5477538,3.8787189,1
3299,1.1091267,3.259684,2
3300,0.9422771,2.1297219,3
3301,1.4913044,4.6942415,4
3302,4.162071,1.8888583,5
3303,1.9985077,3.498785,6
3304,2.41367,3.7679543,0
3305,2.5152369,3.39358,1
3306,0.6928193,4.2993016,2
3307,1.8819718,3.726101,3
3308,1.4855719,3.4712613,4
3309,1.1838864,2.7381415,5
3310,0.66465765,3.6740704,6
3311,1.7581582,1.6596029,0
3312,2.1244783,2.8373008,1
3313,0.17568931,3.2309952,2
3314,1.2352432,2.4216323,3
3315,1.5652046,3.6101441,4
3316,1.301919,4.0432625,5
3317,0.97238135,2.6127946,6
3318,4.330464,1.065485,0
3319,1.2900238,4.8559737,1
3320,2.3104224,2.2617228,2
3321,1.4298707,3.2366505,3
3322,1.9738863,3.5731335,4
3323,3.122772,2.949225,5
3324,1.4723325,4.321707,6
3325,2.8979828,1.7533245,0
3326,3.2179081,2.8004427,1
3327,1.4848555,2.2951672,2
3328,0.5255543,3.679844,3
3329,1.7148428,1.24001,4
3330,1.3860844,3.3617597,5
3331,0.44048518,6.0018435,6
3332,2.1115544,2.1692286,0
3333,0.7130393,2.652213,1
3334,0.1649932,3.4990444,2
3335,1.5333761,3.6374397,3
3336,1.4288824,4.6589355,4
3337,0.5814812,3.0494008,5
3338,1.1184837,2.8735433,6
3339,0.327433,4.6730494,0
3340,3.4151032,1.9320817,1
3341,0.19475542,3.8256478,2
3342,1.0647058,1.3896382,3
3343,0.8969438,4.030504,4
3344,1.032779,3.4197817,5
3345,0.82669365,4.0506477,6
3346,1.5852809,3.0425348,0
3347,2.8554053,3.8353019,1
3348,0.2739766,2.9580328,2
3349,0.37400532,2.8587575,3
3350,0.8350971,3.5136027,4
3351,2.8909185,1.665637,5
3352,1.0330069,3.9157681,6
3353,2.3052642,1.6647019,0
3354,1.6179774,4.2663364,1
3355,1.2269804,3.0528376,2
3356,0.49676988,2.0297315,3
3357,1.6167433,1.4278054,4
3358,1.6127437,3.8041763,5
3359,1.1497519,2.444634,6
3360,1.3286648,3.5067525,0
3361,2.4303281,3.5450327,1
3362,0.4516173,2.818893,2
3363,2.308848,4.1560144,3
3364,1.2485521,2.794621,4
3365,1.8225819,3.775447,5
3366,0.79524887,4.6432543,6
3367,1.773632,1.6150861,0
3368,1.0934484,3.9554229,1
3369,0.6336084,1.7648203,2
3370,2.1372344,3.070609,3
3371,1.3982683,2.8536077,4
3372,0.86734736,3.8216157,5
3373,1.9822692,1.215749,6
3374,1.9236794,3.3359814,0
3375,0.5010323,4.4049606,1
3376,1.311976,2.1677527,2
3377,2.0654397,2.5368447,3
3378,2.419446,2.918506,4
3379,1.0254663,4.716272,5
3380,0.87622315,1.034136,6
3381,2.6432796,1.9638962,0
3382,0.2251613,1.6462519,1
3383,3.3479004,3.0299726,2
3384,2.226891,3.0991623,3
3385,0.76581824,3.6988688,4
3386,1.8493837,3.1801393,5
3387,1.0606779,1.196291,6
3388,0.901927,2.8213844,0
3389,0.8170292,4.1309075,1
3390,1.7705145,3.0414748,2
3391,0.9278005,3.237555,3
3392,0.70665836,3.9215324,4
3393,2.5471842,3.9182403,5
3394,2.980762,2.7444685,6
3395,0.3129295,5.3775578,0
3396,0.8534625,2.0101929,1
3397,4.2531176,2.0433836,2
3398,0.5072132,1.9471978,3
3399,2.043291,3.4272485,4
3400,4.097627,2.8173602,5
3401,1.3347456,2.0604715,6
3402,0.7023681,3.517428,0
3403,0.6215403,3.076913,1
3404,4.2294116,2.9832263,2
3405,0.7122389,1.1352203,3
3406,1.4456695,3.5240743,4
3407,0.6420002,4.18998,5
3408,0.8503217,0.8595645,6
3409,2.2558894,2.4186227,0
3410,0.8107942,2.6465178,1
3411,3.4146047,2.3720653,2
3412,0.55449283,1.8983895,3
3413,1.2677987,2.3348045,4
3414,3.1735716,2.19704,5
3415,1.8988883,0.94047475,6
3416,1.4377587,2.3659248,0
3417,0.4662141,3.4987247,1
3418,0.21702611,3.6655908,2
3419,0.610557,2.6366713,3
3420,0.8157598,3.2546594,4
3421,1.8866272,2.787964,5
3422,0.23572594,2.7315698,6
3423,1.3886185,4.7488317,0
3424,1.9578652,3.2418058,1
3425,1.352361,3.263338,2
3426,2.052136,7.8342586,3
3427,1.3147631,3.5303493,4
3428,2.3267837,2.6604218,5
3429,1.9654752,1.8592204,6
3430,4.9803567,1.0918005,0
3431,5.253557,2.345471,1
3432,0.60205036,3.0992806,2
3433,1.286928,4.2561035,3
3434,1.5783429,2.9740164,4
3435,1.284091,3.4694614,5
3436,1.5269853,3.916741,6
3437,1.1264466,3.389042,0
3438,2.3785183,4.28551,1
3439,0.1477861,3.0151596,2
3440,1.7359681,4.031554,3
3441,1.1598264,3.4774258,4
3442,0.31771064,2.9710436,5
3443,0.39464223,3.107994,6
3444,0.2102904,6.019032,0
3445,1.7775793,2.4693093,1
3446,0.24368942,3.409545,2
3447,1.6030586,3.1624506,3
3448,1.4040167,3.931222,4
3449,0.47392967,4.191751,5
3450,1.0713177,0.45139775,6
3451,0.71707666,2.1883008,0
3452,0.9793544,4.7507157,1
3453,1.8643467,3.720813,2
3454,0.979391,2.6100917,3
3455,3.0992506,1.3981223,4
3456,1.8198866,4.0334773,5
3457,0.8903586,3.726409,6
3458,4.900337,1.6258794,0
3459,6.1116366,3.9500017,1
3460,3.2557611,4.0133004,2
3461,1.7468065,3.963741,3
3462,0.9382006,4.315802,4
3463,0.48838615,2.4167724,5
3464,1.7996387,3.7443078,6
3465,1.4605498,2.975546,0
3466,0.39032388,4.0987005,1
3467,0.907807,3.0149481,2
3468,0.45177072,4.612368,3
3469,1.4814281,3.0848577,4
3470,0.8348531,5.1834097,5
3471,1.1699946,1.8728406,6
3472,0.37469923,3.9610064,0
3473,2.1827106,1.4654683,1
3474,2.2572856,3.5820353,2
3475,1.2586356,2.5501683,3
3476,1.551097,2.1639643,4
3477,1.2251617,5.977132,5
3478,1.5922875,2.0766237,6
3479,1.1044984,2.56552,0
3480,1.1488614,3.1322181,1
3481,3.4562688,2.8830776,2
3482,2.4798417,5.469477,3
3483,1.270859,5.0941396,4
3484,1.0641363,4.291747,5
3485,4.467073,4.335064,6
3486,6.2297244,1.5076946,0
3487,2.2079263,3.4127855,1
3488,0.577702,2.6946404,2
3489,0.79187477,3.921761,3
3490,2.4653964,2.9864197,4
3491,0.7186124,4.9079537,5
3492,0.46131098,2.0170789,6
3493,1.5522003,1.5878767,0
3494,0.8359405,3.5111737,1
3495,0.94710994,2.7929485,2
3496,0.7656496,0.8956007,3
3497,1.8085743,1.7810762,4
3498,0.7954746,4.2679577,5
3499,1.5730715,1.9714184,6
