,animal,correct,group,valid,trial,trial_type
0,24.0,0.0,control,True,0.0,training
1,24.0,0.0,control,True,1.0,training
2,24.0,0.0,control,True,2.0,training
3,24.0,0.0,control,True,3.0,training
4,24.0,0.0,control,True,4.0,training
5,24.0,0.0,control,True,5.0,training
6,24.0,0.0,control,True,6.0,training
7,24.0,1.0,control,True,7.0,training
8,24.0,1.0,control,True,8.0,training
9,24.0,1.0,control,True,9.0,training
10,24.0,0.0,control,True,10.0,training
11,24.0,0.0,control,True,11.0,training
12,24.0,1.0,control,True,12.0,training
13,24.0,0.0,control,True,13.0,training
14,24.0,1.0,control,True,14.0,training
15,24.0,0.0,control,True,15.0,training
16,24.0,0.0,control,True,16.0,training
17,24.0,1.0,control,True,17.0,training
18,24.0,1.0,control,True,18.0,training
19,24.0,0.0,control,True,19.0,training
20,24.0,0.0,control,True,20.0,training
21,24.0,1.0,control,True,21.0,training
22,24.0,1.0,control,True,22.0,training
23,24.0,1.0,control,True,23.0,training
24,24.0,0.0,control,True,24.0,training
25,24.0,0.0,control,True,25.0,training
26,24.0,0.0,control,True,26.0,training
27,24.0,0.0,control,True,27.0,training
28,24.0,1.0,control,True,28.0,training
29,24.0,1.0,control,True,29.0,training
30,24.0,1.0,control,True,30.0,training
31,24.0,1.0,control,True,31.0,training
32,24.0,1.0,control,True,32.0,training
33,24.0,0.0,control,True,33.0,training
34,24.0,0.0,control,True,34.0,training
35,24.0,0.0,control,True,35.0,training
36,24.0,0.0,control,True,36.0,training
37,24.0,1.0,control,True,37.0,training
38,24.0,0.0,control,True,38.0,training
39,24.0,0.0,control,True,39.0,training
40,24.0,0.0,control,True,40.0,training
41,24.0,1.0,control,True,41.0,training
42,24.0,1.0,control,True,42.0,training
43,24.0,1.0,control,True,43.0,training
44,24.0,1.0,control,True,44.0,training
45,24.0,0.0,control,True,45.0,training
46,24.0,1.0,control,True,46.0,training
47,24.0,1.0,control,True,47.0,training
48,24.0,1.0,control,True,48.0,training
49,24.0,0.0,control,True,49.0,training
50,24.0,1.0,control,True,50.0,training
51,24.0,1.0,control,True,51.0,training
52,24.0,1.0,control,True,52.0,training
53,24.0,1.0,control,True,53.0,training
54,24.0,1.0,control,True,54.0,training
55,24.0,1.0,control,True,55.0,training
56,24.0,1.0,control,True,56.0,training
57,24.0,1.0,control,True,57.0,training
58,24.0,1.0,control,True,58.0,training
59,24.0,1.0,control,True,59.0,training
60,24.0,0.0,control,False,60.0,training
61,24.0,0.0,control,False,61.0,training
62,24.0,0.0,control,False,62.0,training
63,24.0,0.0,control,False,63.0,training
64,24.0,0.0,control,False,64.0,training
65,24.0,0.0,control,False,65.0,training
66,24.0,0.0,control,False,66.0,training
67,24.0,0.0,control,False,67.0,training
68,24.0,0.0,control,False,68.0,training
69,24.0,0.0,control,False,69.0,training
70,24.0,0.0,control,False,70.0,training
71,24.0,0.0,control,False,71.0,training
72,24.0,0.0,control,False,72.0,training
73,24.0,0.0,control,False,73.0,training
74,24.0,0.0,control,False,74.0,training
75,24.0,0.0,control,True,75.0,early test
76,24.0,0.0,control,True,76.0,early test
77,24.0,1.0,control,True,77.0,early test
78,24.0,0.0,control,True,78.0,early test
79,24.0,0.0,control,True,79.0,early test
80,24.0,0.0,control,True,80.0,training
81,24.0,1.0,control,True,81.0,training
82,24.0,1.0,control,True,82.0,training
83,24.0,1.0,control,True,83.0,training
84,24.0,1.0,control,True,84.0,training
85,24.0,1.0,control,True,85.0,training
86,24.0,1.0,control,True,86.0,training
87,24.0,1.0,control,True,87.0,training
88,24.0,1.0,control,True,88.0,training
89,24.0,1.0,control,True,89.0,training
90,24.0,1.0,control,True,90.0,training
91,24.0,1.0,control,True,91.0,training
92,24.0,1.0,control,True,92.0,training
93,24.0,1.0,control,True,93.0,training
94,24.0,1.0,control,True,94.0,training
95,24.0,1.0,control,True,95.0,training
96,24.0,1.0,control,True,96.0,training
97,24.0,1.0,control,True,97.0,training
98,24.0,1.0,control,True,98.0,training
99,24.0,1.0,control,True,99.0,training
100,24.0,1.0,control,True,100.0,training
101,24.0,1.0,control,True,101.0,training
102,24.0,1.0,control,True,102.0,training
103,24.0,1.0,control,True,103.0,training
104,24.0,1.0,control,True,104.0,training
105,24.0,1.0,control,True,105.0,training
106,24.0,1.0,control,True,106.0,training
107,24.0,1.0,control,True,107.0,training
108,24.0,1.0,control,True,108.0,training
109,24.0,1.0,control,True,109.0,training
110,24.0,1.0,control,True,110.0,training
111,24.0,1.0,control,True,111.0,training
112,24.0,1.0,control,True,112.0,training
113,24.0,1.0,control,True,113.0,training
114,24.0,0.0,control,True,114.0,training
115,24.0,1.0,control,True,115.0,training
116,24.0,1.0,control,True,116.0,training
117,24.0,1.0,control,True,117.0,training
118,24.0,1.0,control,True,118.0,training
119,24.0,1.0,control,True,119.0,training
120,24.0,1.0,control,True,120.0,training
121,24.0,1.0,control,True,121.0,training
122,24.0,0.0,control,True,122.0,training
123,24.0,1.0,control,True,123.0,training
124,24.0,1.0,control,True,124.0,training
125,24.0,1.0,control,True,125.0,training
126,24.0,1.0,control,True,126.0,training
127,24.0,1.0,control,True,127.0,training
128,24.0,1.0,control,True,128.0,training
129,24.0,1.0,control,True,129.0,training
130,24.0,0.0,control,False,130.0,training
131,24.0,0.0,control,False,131.0,training
132,24.0,0.0,control,False,132.0,training
133,24.0,0.0,control,False,133.0,training
134,24.0,0.0,control,False,134.0,training
135,24.0,0.0,control,False,135.0,training
136,24.0,0.0,control,False,136.0,training
137,24.0,0.0,control,False,137.0,training
138,24.0,0.0,control,False,138.0,training
139,24.0,0.0,control,False,139.0,training
140,24.0,0.0,control,False,140.0,training
141,24.0,0.0,control,False,141.0,training
142,24.0,0.0,control,False,142.0,training
143,24.0,0.0,control,False,143.0,training
144,24.0,0.0,control,False,144.0,training
145,24.0,0.0,control,False,145.0,training
146,24.0,0.0,control,False,146.0,training
147,24.0,0.0,control,False,147.0,training
148,24.0,0.0,control,False,148.0,training
149,24.0,0.0,control,False,149.0,training
150,24.0,0.0,control,False,150.0,training
151,24.0,0.0,control,False,151.0,training
152,24.0,0.0,control,False,152.0,training
153,24.0,0.0,control,False,153.0,training
154,24.0,0.0,control,False,154.0,training
155,24.0,0.0,control,True,155.0,late test
156,24.0,0.0,control,True,156.0,late test
157,24.0,1.0,control,True,157.0,late test
158,24.0,1.0,control,True,158.0,late test
159,24.0,0.0,control,True,159.0,late test
160,25.0,0.0,control,True,0.0,training
161,25.0,0.0,control,True,1.0,training
162,25.0,0.0,control,True,2.0,training
163,25.0,1.0,control,True,3.0,training
164,25.0,1.0,control,True,4.0,training
165,25.0,0.0,control,True,5.0,training
166,25.0,1.0,control,True,6.0,training
167,25.0,1.0,control,True,7.0,training
168,25.0,1.0,control,True,8.0,training
169,25.0,1.0,control,True,9.0,training
170,25.0,0.0,control,True,10.0,training
171,25.0,1.0,control,True,11.0,training
172,25.0,1.0,control,True,12.0,training
173,25.0,1.0,control,True,13.0,training
174,25.0,1.0,control,True,14.0,training
175,25.0,0.0,control,False,15.0,training
176,25.0,0.0,control,False,16.0,training
177,25.0,0.0,control,False,17.0,training
178,25.0,0.0,control,False,18.0,training
179,25.0,0.0,control,False,19.0,training
180,25.0,0.0,control,False,20.0,training
181,25.0,0.0,control,False,21.0,training
182,25.0,0.0,control,False,22.0,training
183,25.0,0.0,control,False,23.0,training
184,25.0,0.0,control,False,24.0,training
185,25.0,0.0,control,False,25.0,training
186,25.0,0.0,control,False,26.0,training
187,25.0,0.0,control,False,27.0,training
188,25.0,0.0,control,False,28.0,training
189,25.0,0.0,control,False,29.0,training
190,25.0,0.0,control,False,30.0,training
191,25.0,0.0,control,False,31.0,training
192,25.0,0.0,control,False,32.0,training
193,25.0,0.0,control,False,33.0,training
194,25.0,0.0,control,False,34.0,training
195,25.0,0.0,control,False,35.0,training
196,25.0,0.0,control,False,36.0,training
197,25.0,0.0,control,False,37.0,training
198,25.0,0.0,control,False,38.0,training
199,25.0,0.0,control,False,39.0,training
200,25.0,0.0,control,False,40.0,training
201,25.0,0.0,control,False,41.0,training
202,25.0,0.0,control,False,42.0,training
203,25.0,0.0,control,False,43.0,training
204,25.0,0.0,control,False,44.0,training
205,25.0,0.0,control,False,45.0,training
206,25.0,0.0,control,False,46.0,training
207,25.0,0.0,control,False,47.0,training
208,25.0,0.0,control,False,48.0,training
209,25.0,0.0,control,False,49.0,training
210,25.0,0.0,control,False,50.0,training
211,25.0,0.0,control,False,51.0,training
212,25.0,0.0,control,False,52.0,training
213,25.0,0.0,control,False,53.0,training
214,25.0,0.0,control,False,54.0,training
215,25.0,0.0,control,False,55.0,training
216,25.0,0.0,control,False,56.0,training
217,25.0,0.0,control,False,57.0,training
218,25.0,0.0,control,False,58.0,training
219,25.0,0.0,control,False,59.0,training
220,25.0,0.0,control,False,60.0,training
221,25.0,0.0,control,False,61.0,training
222,25.0,0.0,control,False,62.0,training
223,25.0,0.0,control,False,63.0,training
224,25.0,0.0,control,False,64.0,training
225,25.0,0.0,control,False,65.0,training
226,25.0,0.0,control,False,66.0,training
227,25.0,0.0,control,False,67.0,training
228,25.0,0.0,control,False,68.0,training
229,25.0,0.0,control,False,69.0,training
230,25.0,0.0,control,False,70.0,training
231,25.0,0.0,control,False,71.0,training
232,25.0,0.0,control,False,72.0,training
233,25.0,0.0,control,False,73.0,training
234,25.0,0.0,control,False,74.0,training
235,25.0,0.0,control,True,75.0,early test
236,25.0,1.0,control,True,76.0,early test
237,25.0,0.0,control,True,77.0,early test
238,25.0,0.0,control,True,78.0,early test
239,25.0,0.0,control,True,79.0,early test
240,25.0,1.0,control,True,80.0,training
241,25.0,1.0,control,True,81.0,training
242,25.0,1.0,control,True,82.0,training
243,25.0,0.0,control,True,83.0,training
244,25.0,0.0,control,True,84.0,training
245,25.0,1.0,control,True,85.0,training
246,25.0,1.0,control,True,86.0,training
247,25.0,1.0,control,True,87.0,training
248,25.0,1.0,control,True,88.0,training
249,25.0,1.0,control,True,89.0,training
250,25.0,1.0,control,True,90.0,training
251,25.0,1.0,control,True,91.0,training
252,25.0,1.0,control,True,92.0,training
253,25.0,1.0,control,True,93.0,training
254,25.0,1.0,control,True,94.0,training
255,25.0,1.0,control,True,95.0,training
256,25.0,1.0,control,True,96.0,training
257,25.0,1.0,control,True,97.0,training
258,25.0,1.0,control,True,98.0,training
259,25.0,1.0,control,True,99.0,training
260,25.0,1.0,control,True,100.0,training
261,25.0,1.0,control,True,101.0,training
262,25.0,1.0,control,True,102.0,training
263,25.0,1.0,control,True,103.0,training
264,25.0,1.0,control,True,104.0,training
265,25.0,1.0,control,True,105.0,training
266,25.0,1.0,control,True,106.0,training
267,25.0,1.0,control,True,107.0,training
268,25.0,1.0,control,True,108.0,training
269,25.0,1.0,control,True,109.0,training
270,25.0,1.0,control,True,110.0,training
271,25.0,1.0,control,True,111.0,training
272,25.0,1.0,control,True,112.0,training
273,25.0,1.0,control,True,113.0,training
274,25.0,1.0,control,True,114.0,training
275,25.0,1.0,control,True,115.0,training
276,25.0,1.0,control,True,116.0,training
277,25.0,1.0,control,True,117.0,training
278,25.0,1.0,control,True,118.0,training
279,25.0,1.0,control,True,119.0,training
280,25.0,1.0,control,True,120.0,training
281,25.0,1.0,control,True,121.0,training
282,25.0,1.0,control,True,122.0,training
283,25.0,1.0,control,True,123.0,training
284,25.0,1.0,control,True,124.0,training
285,25.0,1.0,control,True,125.0,training
286,25.0,1.0,control,True,126.0,training
287,25.0,1.0,control,True,127.0,training
288,25.0,1.0,control,True,128.0,training
289,25.0,1.0,control,True,129.0,training
290,25.0,0.0,control,False,130.0,training
291,25.0,0.0,control,False,131.0,training
292,25.0,0.0,control,False,132.0,training
293,25.0,0.0,control,False,133.0,training
294,25.0,0.0,control,False,134.0,training
295,25.0,0.0,control,False,135.0,training
296,25.0,0.0,control,False,136.0,training
297,25.0,0.0,control,False,137.0,training
298,25.0,0.0,control,False,138.0,training
299,25.0,0.0,control,False,139.0,training
300,25.0,0.0,control,False,140.0,training
301,25.0,0.0,control,False,141.0,training
302,25.0,0.0,control,False,142.0,training
303,25.0,0.0,control,False,143.0,training
304,25.0,0.0,control,False,144.0,training
305,25.0,0.0,control,False,145.0,training
306,25.0,0.0,control,False,146.0,training
307,25.0,0.0,control,False,147.0,training
308,25.0,0.0,control,False,148.0,training
309,25.0,0.0,control,False,149.0,training
310,25.0,0.0,control,False,150.0,training
311,25.0,0.0,control,False,151.0,training
312,25.0,0.0,control,False,152.0,training
313,25.0,0.0,control,False,153.0,training
314,25.0,0.0,control,False,154.0,training
315,25.0,0.0,control,True,155.0,late test
316,25.0,0.0,control,True,156.0,late test
317,25.0,0.0,control,True,157.0,late test
318,25.0,1.0,control,True,158.0,late test
319,25.0,1.0,control,True,159.0,late test
320,26.0,0.0,control,True,0.0,training
321,26.0,0.0,control,True,1.0,training
322,26.0,0.0,control,True,2.0,training
323,26.0,1.0,control,True,3.0,training
324,26.0,1.0,control,True,4.0,training
325,26.0,0.0,control,True,5.0,training
326,26.0,0.0,control,True,6.0,training
327,26.0,1.0,control,True,7.0,training
328,26.0,1.0,control,True,8.0,training
329,26.0,1.0,control,True,9.0,training
330,26.0,0.0,control,True,10.0,training
331,26.0,0.0,control,True,11.0,training
332,26.0,1.0,control,True,12.0,training
333,26.0,0.0,control,True,13.0,training
334,26.0,1.0,control,True,14.0,training
335,26.0,0.0,control,True,15.0,training
336,26.0,1.0,control,True,16.0,training
337,26.0,0.0,control,True,17.0,training
338,26.0,1.0,control,True,18.0,training
339,26.0,0.0,control,True,19.0,training
340,26.0,0.0,control,True,20.0,training
341,26.0,1.0,control,True,21.0,training
342,26.0,1.0,control,True,22.0,training
343,26.0,0.0,control,True,23.0,training
344,26.0,0.0,control,True,24.0,training
345,26.0,0.0,control,True,25.0,training
346,26.0,1.0,control,True,26.0,training
347,26.0,0.0,control,True,27.0,training
348,26.0,1.0,control,True,28.0,training
349,26.0,1.0,control,True,29.0,training
350,26.0,1.0,control,True,30.0,training
351,26.0,1.0,control,True,31.0,training
352,26.0,1.0,control,True,32.0,training
353,26.0,1.0,control,True,33.0,training
354,26.0,1.0,control,True,34.0,training
355,26.0,1.0,control,True,35.0,training
356,26.0,1.0,control,True,36.0,training
357,26.0,1.0,control,True,37.0,training
358,26.0,1.0,control,True,38.0,training
359,26.0,1.0,control,True,39.0,training
360,26.0,0.0,control,False,40.0,training
361,26.0,0.0,control,False,41.0,training
362,26.0,0.0,control,False,42.0,training
363,26.0,0.0,control,False,43.0,training
364,26.0,0.0,control,False,44.0,training
365,26.0,0.0,control,False,45.0,training
366,26.0,0.0,control,False,46.0,training
367,26.0,0.0,control,False,47.0,training
368,26.0,0.0,control,False,48.0,training
369,26.0,0.0,control,False,49.0,training
370,26.0,0.0,control,False,50.0,training
371,26.0,0.0,control,False,51.0,training
372,26.0,0.0,control,False,52.0,training
373,26.0,0.0,control,False,53.0,training
374,26.0,0.0,control,False,54.0,training
375,26.0,0.0,control,False,55.0,training
376,26.0,0.0,control,False,56.0,training
377,26.0,0.0,control,False,57.0,training
378,26.0,0.0,control,False,58.0,training
379,26.0,0.0,control,False,59.0,training
380,26.0,0.0,control,False,60.0,training
381,26.0,0.0,control,False,61.0,training
382,26.0,0.0,control,False,62.0,training
383,26.0,0.0,control,False,63.0,training
384,26.0,0.0,control,False,64.0,training
385,26.0,0.0,control,False,65.0,training
386,26.0,0.0,control,False,66.0,training
387,26.0,0.0,control,False,67.0,training
388,26.0,0.0,control,False,68.0,training
389,26.0,0.0,control,False,69.0,training
390,26.0,0.0,control,False,70.0,training
391,26.0,0.0,control,False,71.0,training
392,26.0,0.0,control,False,72.0,training
393,26.0,0.0,control,False,73.0,training
394,26.0,0.0,control,False,74.0,training
395,26.0,0.0,control,True,75.0,early test
396,26.0,0.0,control,True,76.0,early test
397,26.0,1.0,control,True,77.0,early test
398,26.0,0.0,control,True,78.0,early test
399,26.0,0.0,control,True,79.0,early test
400,26.0,1.0,control,True,80.0,training
401,26.0,1.0,control,True,81.0,training
402,26.0,1.0,control,True,82.0,training
403,26.0,1.0,control,True,83.0,training
404,26.0,1.0,control,True,84.0,training
405,26.0,1.0,control,True,85.0,training
406,26.0,1.0,control,True,86.0,training
407,26.0,1.0,control,True,87.0,training
408,26.0,1.0,control,True,88.0,training
409,26.0,1.0,control,True,89.0,training
410,26.0,1.0,control,True,90.0,training
411,26.0,1.0,control,True,91.0,training
412,26.0,1.0,control,True,92.0,training
413,26.0,1.0,control,True,93.0,training
414,26.0,1.0,control,True,94.0,training
415,26.0,1.0,control,True,95.0,training
416,26.0,1.0,control,True,96.0,training
417,26.0,1.0,control,True,97.0,training
418,26.0,1.0,control,True,98.0,training
419,26.0,1.0,control,True,99.0,training
420,26.0,1.0,control,True,100.0,training
421,26.0,1.0,control,True,101.0,training
422,26.0,1.0,control,True,102.0,training
423,26.0,1.0,control,True,103.0,training
424,26.0,1.0,control,True,104.0,training
425,26.0,1.0,control,True,105.0,training
426,26.0,1.0,control,True,106.0,training
427,26.0,1.0,control,True,107.0,training
428,26.0,1.0,control,True,108.0,training
429,26.0,1.0,control,True,109.0,training
430,26.0,1.0,control,True,110.0,training
431,26.0,1.0,control,True,111.0,training
432,26.0,1.0,control,True,112.0,training
433,26.0,1.0,control,True,113.0,training
434,26.0,1.0,control,True,114.0,training
435,26.0,0.0,control,True,115.0,training
436,26.0,1.0,control,True,116.0,training
437,26.0,1.0,control,True,117.0,training
438,26.0,1.0,control,True,118.0,training
439,26.0,1.0,control,True,119.0,training
440,26.0,1.0,control,True,120.0,training
441,26.0,1.0,control,True,121.0,training
442,26.0,1.0,control,True,122.0,training
443,26.0,1.0,control,True,123.0,training
444,26.0,1.0,control,True,124.0,training
445,26.0,1.0,control,True,125.0,training
446,26.0,1.0,control,True,126.0,training
447,26.0,1.0,control,True,127.0,training
448,26.0,1.0,control,True,128.0,training
449,26.0,1.0,control,True,129.0,training
450,26.0,0.0,control,False,130.0,training
451,26.0,0.0,control,False,131.0,training
452,26.0,0.0,control,False,132.0,training
453,26.0,0.0,control,False,133.0,training
454,26.0,0.0,control,False,134.0,training
455,26.0,0.0,control,False,135.0,training
456,26.0,0.0,control,False,136.0,training
457,26.0,0.0,control,False,137.0,training
458,26.0,0.0,control,False,138.0,training
459,26.0,0.0,control,False,139.0,training
460,26.0,0.0,control,False,140.0,training
461,26.0,0.0,control,False,141.0,training
462,26.0,0.0,control,False,142.0,training
463,26.0,0.0,control,False,143.0,training
464,26.0,0.0,control,False,144.0,training
465,26.0,0.0,control,False,145.0,training
466,26.0,0.0,control,False,146.0,training
467,26.0,0.0,control,False,147.0,training
468,26.0,0.0,control,False,148.0,training
469,26.0,0.0,control,False,149.0,training
470,26.0,0.0,control,False,150.0,training
471,26.0,0.0,control,False,151.0,training
472,26.0,0.0,control,False,152.0,training
473,26.0,0.0,control,False,153.0,training
474,26.0,0.0,control,False,154.0,training
475,26.0,0.0,control,True,155.0,late test
476,26.0,0.0,control,True,156.0,late test
477,26.0,0.0,control,True,157.0,late test
478,26.0,0.0,control,True,158.0,late test
479,26.0,1.0,control,True,159.0,late test
480,27.0,0.0,control,True,0.0,training
481,27.0,0.0,control,True,1.0,training
482,27.0,1.0,control,True,2.0,training
483,27.0,1.0,control,True,3.0,training
484,27.0,1.0,control,True,4.0,training
485,27.0,0.0,control,True,5.0,training
486,27.0,0.0,control,True,6.0,training
487,27.0,1.0,control,True,7.0,training
488,27.0,1.0,control,True,8.0,training
489,27.0,1.0,control,True,9.0,training
490,27.0,0.0,control,True,10.0,training
491,27.0,1.0,control,True,11.0,training
492,27.0,1.0,control,True,12.0,training
493,27.0,1.0,control,True,13.0,training
494,27.0,1.0,control,True,14.0,training
495,27.0,1.0,control,True,15.0,training
496,27.0,1.0,control,True,16.0,training
497,27.0,0.0,control,True,17.0,training
498,27.0,1.0,control,True,18.0,training
499,27.0,1.0,control,True,19.0,training
500,27.0,0.0,control,False,20.0,training
501,27.0,0.0,control,False,21.0,training
502,27.0,0.0,control,False,22.0,training
503,27.0,0.0,control,False,23.0,training
504,27.0,0.0,control,False,24.0,training
505,27.0,0.0,control,False,25.0,training
506,27.0,0.0,control,False,26.0,training
507,27.0,0.0,control,False,27.0,training
508,27.0,0.0,control,False,28.0,training
509,27.0,0.0,control,False,29.0,training
510,27.0,0.0,control,False,30.0,training
511,27.0,0.0,control,False,31.0,training
512,27.0,0.0,control,False,32.0,training
513,27.0,0.0,control,False,33.0,training
514,27.0,0.0,control,False,34.0,training
515,27.0,0.0,control,False,35.0,training
516,27.0,0.0,control,False,36.0,training
517,27.0,0.0,control,False,37.0,training
518,27.0,0.0,control,False,38.0,training
519,27.0,0.0,control,False,39.0,training
520,27.0,0.0,control,False,40.0,training
521,27.0,0.0,control,False,41.0,training
522,27.0,0.0,control,False,42.0,training
523,27.0,0.0,control,False,43.0,training
524,27.0,0.0,control,False,44.0,training
525,27.0,0.0,control,False,45.0,training
526,27.0,0.0,control,False,46.0,training
527,27.0,0.0,control,False,47.0,training
528,27.0,0.0,control,False,48.0,training
529,27.0,0.0,control,False,49.0,training
530,27.0,0.0,control,False,50.0,training
531,27.0,0.0,control,False,51.0,training
532,27.0,0.0,control,False,52.0,training
533,27.0,0.0,control,False,53.0,training
534,27.0,0.0,control,False,54.0,training
535,27.0,0.0,control,False,55.0,training
536,27.0,0.0,control,False,56.0,training
537,27.0,0.0,control,False,57.0,training
538,27.0,0.0,control,False,58.0,training
539,27.0,0.0,control,False,59.0,training
540,27.0,0.0,control,False,60.0,training
541,27.0,0.0,control,False,61.0,training
542,27.0,0.0,control,False,62.0,training
543,27.0,0.0,control,False,63.0,training
544,27.0,0.0,control,False,64.0,training
545,27.0,0.0,control,False,65.0,training
546,27.0,0.0,control,False,66.0,training
547,27.0,0.0,control,False,67.0,training
548,27.0,0.0,control,False,68.0,training
549,27.0,0.0,control,False,69.0,training
550,27.0,0.0,control,False,70.0,training
551,27.0,0.0,control,False,71.0,training
552,27.0,0.0,control,False,72.0,training
553,27.0,0.0,control,False,73.0,training
554,27.0,0.0,control,False,74.0,training
555,27.0,0.0,control,True,75.0,early test
556,27.0,0.0,control,True,76.0,early test
557,27.0,1.0,control,True,77.0,early test
558,27.0,0.0,control,True,78.0,early test
559,27.0,1.0,control,True,79.0,early test
560,27.0,1.0,control,True,80.0,training
561,27.0,1.0,control,True,81.0,training
562,27.0,1.0,control,True,82.0,training
563,27.0,1.0,control,True,83.0,training
564,27.0,1.0,control,True,84.0,training
565,27.0,1.0,control,True,85.0,training
566,27.0,1.0,control,True,86.0,training
567,27.0,1.0,control,True,87.0,training
568,27.0,1.0,control,True,88.0,training
569,27.0,1.0,control,True,89.0,training
570,27.0,1.0,control,True,90.0,training
571,27.0,1.0,control,True,91.0,training
572,27.0,1.0,control,True,92.0,training
573,27.0,1.0,control,True,93.0,training
574,27.0,1.0,control,True,94.0,training
575,27.0,1.0,control,True,95.0,training
576,27.0,1.0,control,True,96.0,training
577,27.0,1.0,control,True,97.0,training
578,27.0,1.0,control,True,98.0,training
579,27.0,1.0,control,True,99.0,training
580,27.0,1.0,control,True,100.0,training
581,27.0,1.0,control,True,101.0,training
582,27.0,1.0,control,True,102.0,training
583,27.0,1.0,control,True,103.0,training
584,27.0,1.0,control,True,104.0,training
585,27.0,1.0,control,True,105.0,training
586,27.0,1.0,control,True,106.0,training
587,27.0,1.0,control,True,107.0,training
588,27.0,1.0,control,True,108.0,training
589,27.0,1.0,control,True,109.0,training
590,27.0,1.0,control,True,110.0,training
591,27.0,1.0,control,True,111.0,training
592,27.0,1.0,control,True,112.0,training
593,27.0,1.0,control,True,113.0,training
594,27.0,1.0,control,True,114.0,training
595,27.0,1.0,control,True,115.0,training
596,27.0,1.0,control,True,116.0,training
597,27.0,1.0,control,True,117.0,training
598,27.0,1.0,control,True,118.0,training
599,27.0,1.0,control,True,119.0,training
600,27.0,1.0,control,True,120.0,training
601,27.0,1.0,control,True,121.0,training
602,27.0,1.0,control,True,122.0,training
603,27.0,1.0,control,True,123.0,training
604,27.0,1.0,control,True,124.0,training
605,27.0,1.0,control,True,125.0,training
606,27.0,1.0,control,True,126.0,training
607,27.0,1.0,control,True,127.0,training
608,27.0,1.0,control,True,128.0,training
609,27.0,1.0,control,True,129.0,training
610,27.0,0.0,control,False,130.0,training
611,27.0,0.0,control,False,131.0,training
612,27.0,0.0,control,False,132.0,training
613,27.0,0.0,control,False,133.0,training
614,27.0,0.0,control,False,134.0,training
615,27.0,0.0,control,False,135.0,training
616,27.0,0.0,control,False,136.0,training
617,27.0,0.0,control,False,137.0,training
618,27.0,0.0,control,False,138.0,training
619,27.0,0.0,control,False,139.0,training
620,27.0,0.0,control,False,140.0,training
621,27.0,0.0,control,False,141.0,training
622,27.0,0.0,control,False,142.0,training
623,27.0,0.0,control,False,143.0,training
624,27.0,0.0,control,False,144.0,training
625,27.0,0.0,control,False,145.0,training
626,27.0,0.0,control,False,146.0,training
627,27.0,0.0,control,False,147.0,training
628,27.0,0.0,control,False,148.0,training
629,27.0,0.0,control,False,149.0,training
630,27.0,0.0,control,False,150.0,training
631,27.0,0.0,control,False,151.0,training
632,27.0,0.0,control,False,152.0,training
633,27.0,0.0,control,False,153.0,training
634,27.0,0.0,control,False,154.0,training
635,27.0,0.0,control,True,155.0,late test
636,27.0,1.0,control,True,156.0,late test
637,27.0,1.0,control,True,157.0,late test
638,27.0,1.0,control,True,158.0,late test
639,27.0,1.0,control,True,159.0,late test
640,32.0,1.0,control,True,0.0,training
641,32.0,1.0,control,True,1.0,training
642,32.0,1.0,control,True,2.0,training
643,32.0,1.0,control,True,3.0,training
644,32.0,1.0,control,True,4.0,training
645,32.0,0.0,control,True,5.0,training
646,32.0,1.0,control,True,6.0,training
647,32.0,1.0,control,True,7.0,training
648,32.0,1.0,control,True,8.0,training
649,32.0,1.0,control,True,9.0,training
650,32.0,0.0,control,False,10.0,training
651,32.0,0.0,control,False,11.0,training
652,32.0,0.0,control,False,12.0,training
653,32.0,0.0,control,False,13.0,training
654,32.0,0.0,control,False,14.0,training
655,32.0,0.0,control,False,15.0,training
656,32.0,0.0,control,False,16.0,training
657,32.0,0.0,control,False,17.0,training
658,32.0,0.0,control,False,18.0,training
659,32.0,0.0,control,False,19.0,training
660,32.0,0.0,control,False,20.0,training
661,32.0,0.0,control,False,21.0,training
662,32.0,0.0,control,False,22.0,training
663,32.0,0.0,control,False,23.0,training
664,32.0,0.0,control,False,24.0,training
665,32.0,0.0,control,False,25.0,training
666,32.0,0.0,control,False,26.0,training
667,32.0,0.0,control,False,27.0,training
668,32.0,0.0,control,False,28.0,training
669,32.0,0.0,control,False,29.0,training
670,32.0,0.0,control,False,30.0,training
671,32.0,0.0,control,False,31.0,training
672,32.0,0.0,control,False,32.0,training
673,32.0,0.0,control,False,33.0,training
674,32.0,0.0,control,False,34.0,training
675,32.0,0.0,control,False,35.0,training
676,32.0,0.0,control,False,36.0,training
677,32.0,0.0,control,False,37.0,training
678,32.0,0.0,control,False,38.0,training
679,32.0,0.0,control,False,39.0,training
680,32.0,0.0,control,False,40.0,training
681,32.0,0.0,control,False,41.0,training
682,32.0,0.0,control,False,42.0,training
683,32.0,0.0,control,False,43.0,training
684,32.0,0.0,control,False,44.0,training
685,32.0,0.0,control,False,45.0,training
686,32.0,0.0,control,False,46.0,training
687,32.0,0.0,control,False,47.0,training
688,32.0,0.0,control,False,48.0,training
689,32.0,0.0,control,False,49.0,training
690,32.0,0.0,control,False,50.0,training
691,32.0,0.0,control,False,51.0,training
692,32.0,0.0,control,False,52.0,training
693,32.0,0.0,control,False,53.0,training
694,32.0,0.0,control,False,54.0,training
695,32.0,0.0,control,False,55.0,training
696,32.0,0.0,control,False,56.0,training
697,32.0,0.0,control,False,57.0,training
698,32.0,0.0,control,False,58.0,training
699,32.0,0.0,control,False,59.0,training
700,32.0,0.0,control,False,60.0,training
701,32.0,0.0,control,False,61.0,training
702,32.0,0.0,control,False,62.0,training
703,32.0,0.0,control,False,63.0,training
704,32.0,0.0,control,False,64.0,training
705,32.0,0.0,control,False,65.0,training
706,32.0,0.0,control,False,66.0,training
707,32.0,0.0,control,False,67.0,training
708,32.0,0.0,control,False,68.0,training
709,32.0,0.0,control,False,69.0,training
710,32.0,0.0,control,False,70.0,training
711,32.0,0.0,control,False,71.0,training
712,32.0,0.0,control,False,72.0,training
713,32.0,0.0,control,False,73.0,training
714,32.0,0.0,control,False,74.0,training
715,32.0,1.0,control,True,75.0,early test
716,32.0,1.0,control,True,76.0,early test
717,32.0,0.0,control,True,77.0,early test
718,32.0,0.0,control,True,78.0,early test
719,32.0,0.0,control,True,79.0,early test
720,32.0,1.0,control,True,80.0,training
721,32.0,1.0,control,True,81.0,training
722,32.0,1.0,control,True,82.0,training
723,32.0,0.0,control,True,83.0,training
724,32.0,1.0,control,True,84.0,training
725,32.0,0.0,control,True,85.0,training
726,32.0,0.0,control,True,86.0,training
727,32.0,0.0,control,True,87.0,training
728,32.0,0.0,control,True,88.0,training
729,32.0,0.0,control,True,89.0,training
730,32.0,1.0,control,True,90.0,training
731,32.0,0.0,control,True,91.0,training
732,32.0,0.0,control,True,92.0,training
733,32.0,1.0,control,True,93.0,training
734,32.0,1.0,control,True,94.0,training
735,32.0,1.0,control,True,95.0,training
736,32.0,1.0,control,True,96.0,training
737,32.0,1.0,control,True,97.0,training
738,32.0,1.0,control,True,98.0,training
739,32.0,1.0,control,True,99.0,training
740,32.0,1.0,control,True,100.0,training
741,32.0,1.0,control,True,101.0,training
742,32.0,1.0,control,True,102.0,training
743,32.0,1.0,control,True,103.0,training
744,32.0,1.0,control,True,104.0,training
745,32.0,1.0,control,True,105.0,training
746,32.0,1.0,control,True,106.0,training
747,32.0,1.0,control,True,107.0,training
748,32.0,1.0,control,True,108.0,training
749,32.0,1.0,control,True,109.0,training
750,32.0,1.0,control,True,110.0,training
751,32.0,1.0,control,True,111.0,training
752,32.0,1.0,control,True,112.0,training
753,32.0,1.0,control,True,113.0,training
754,32.0,1.0,control,True,114.0,training
755,32.0,1.0,control,True,115.0,training
756,32.0,1.0,control,True,116.0,training
757,32.0,1.0,control,True,117.0,training
758,32.0,1.0,control,True,118.0,training
759,32.0,1.0,control,True,119.0,training
760,32.0,0.0,control,True,120.0,training
761,32.0,0.0,control,True,121.0,training
762,32.0,1.0,control,True,122.0,training
763,32.0,1.0,control,True,123.0,training
764,32.0,1.0,control,True,124.0,training
765,32.0,0.0,control,True,125.0,training
766,32.0,0.0,control,True,126.0,training
767,32.0,1.0,control,True,127.0,training
768,32.0,1.0,control,True,128.0,training
769,32.0,1.0,control,True,129.0,training
770,32.0,1.0,control,True,130.0,training
771,32.0,1.0,control,True,131.0,training
772,32.0,1.0,control,True,132.0,training
773,32.0,1.0,control,True,133.0,training
774,32.0,1.0,control,True,134.0,training
775,32.0,1.0,control,True,135.0,training
776,32.0,1.0,control,True,136.0,training
777,32.0,1.0,control,True,137.0,training
778,32.0,1.0,control,True,138.0,training
779,32.0,1.0,control,True,139.0,training
780,32.0,1.0,control,True,140.0,training
781,32.0,1.0,control,True,141.0,training
782,32.0,1.0,control,True,142.0,training
783,32.0,1.0,control,True,143.0,training
784,32.0,1.0,control,True,144.0,training
785,32.0,0.0,control,False,145.0,training
786,32.0,0.0,control,False,146.0,training
787,32.0,0.0,control,False,147.0,training
788,32.0,0.0,control,False,148.0,training
789,32.0,0.0,control,False,149.0,training
790,32.0,0.0,control,False,150.0,training
791,32.0,0.0,control,False,151.0,training
792,32.0,0.0,control,False,152.0,training
793,32.0,0.0,control,False,153.0,training
794,32.0,0.0,control,False,154.0,training
795,32.0,1.0,control,True,155.0,late test
796,32.0,1.0,control,True,156.0,late test
797,32.0,0.0,control,True,157.0,late test
798,32.0,0.0,control,True,158.0,late test
799,32.0,1.0,control,True,159.0,late test
800,33.0,0.0,control,True,0.0,training
801,33.0,0.0,control,True,1.0,training
802,33.0,0.0,control,True,2.0,training
803,33.0,0.0,control,True,3.0,training
804,33.0,0.0,control,True,4.0,training
805,33.0,0.0,control,True,5.0,training
806,33.0,0.0,control,True,6.0,training
807,33.0,0.0,control,True,7.0,training
808,33.0,0.0,control,True,8.0,training
809,33.0,0.0,control,True,9.0,training
810,33.0,0.0,control,True,10.0,training
811,33.0,0.0,control,True,11.0,training
812,33.0,0.0,control,True,12.0,training
813,33.0,0.0,control,True,13.0,training
814,33.0,0.0,control,True,14.0,training
815,33.0,0.0,control,True,15.0,training
816,33.0,0.0,control,True,16.0,training
817,33.0,0.0,control,True,17.0,training
818,33.0,0.0,control,True,18.0,training
819,33.0,0.0,control,True,19.0,training
820,33.0,0.0,control,True,20.0,training
821,33.0,0.0,control,True,21.0,training
822,33.0,1.0,control,True,22.0,training
823,33.0,1.0,control,True,23.0,training
824,33.0,1.0,control,True,24.0,training
825,33.0,0.0,control,True,25.0,training
826,33.0,0.0,control,True,26.0,training
827,33.0,0.0,control,True,27.0,training
828,33.0,0.0,control,True,28.0,training
829,33.0,1.0,control,True,29.0,training
830,33.0,0.0,control,True,30.0,training
831,33.0,1.0,control,True,31.0,training
832,33.0,1.0,control,True,32.0,training
833,33.0,1.0,control,True,33.0,training
834,33.0,1.0,control,True,34.0,training
835,33.0,1.0,control,True,35.0,training
836,33.0,1.0,control,True,36.0,training
837,33.0,1.0,control,True,37.0,training
838,33.0,0.0,control,True,38.0,training
839,33.0,0.0,control,True,39.0,training
840,33.0,1.0,control,True,40.0,training
841,33.0,0.0,control,True,41.0,training
842,33.0,0.0,control,True,42.0,training
843,33.0,0.0,control,True,43.0,training
844,33.0,1.0,control,True,44.0,training
845,33.0,0.0,control,True,45.0,training
846,33.0,1.0,control,True,46.0,training
847,33.0,1.0,control,True,47.0,training
848,33.0,1.0,control,True,48.0,training
849,33.0,1.0,control,True,49.0,training
850,33.0,1.0,control,True,50.0,training
851,33.0,1.0,control,True,51.0,training
852,33.0,1.0,control,True,52.0,training
853,33.0,1.0,control,True,53.0,training
854,33.0,1.0,control,True,54.0,training
855,33.0,0.0,control,False,55.0,training
856,33.0,0.0,control,False,56.0,training
857,33.0,0.0,control,False,57.0,training
858,33.0,0.0,control,False,58.0,training
859,33.0,0.0,control,False,59.0,training
860,33.0,0.0,control,False,60.0,training
861,33.0,0.0,control,False,61.0,training
862,33.0,0.0,control,False,62.0,training
863,33.0,0.0,control,False,63.0,training
864,33.0,0.0,control,False,64.0,training
865,33.0,0.0,control,False,65.0,training
866,33.0,0.0,control,False,66.0,training
867,33.0,0.0,control,False,67.0,training
868,33.0,0.0,control,False,68.0,training
869,33.0,0.0,control,False,69.0,training
870,33.0,0.0,control,False,70.0,training
871,33.0,0.0,control,False,71.0,training
872,33.0,0.0,control,False,72.0,training
873,33.0,0.0,control,False,73.0,training
874,33.0,0.0,control,False,74.0,training
875,33.0,0.0,control,True,75.0,early test
876,33.0,0.0,control,True,76.0,early test
877,33.0,0.0,control,True,77.0,early test
878,33.0,0.0,control,True,78.0,early test
879,33.0,0.0,control,True,79.0,early test
880,33.0,0.0,control,True,80.0,training
881,33.0,0.0,control,True,81.0,training
882,33.0,1.0,control,True,82.0,training
883,33.0,1.0,control,True,83.0,training
884,33.0,1.0,control,True,84.0,training
885,33.0,1.0,control,True,85.0,training
886,33.0,1.0,control,True,86.0,training
887,33.0,1.0,control,True,87.0,training
888,33.0,1.0,control,True,88.0,training
889,33.0,1.0,control,True,89.0,training
890,33.0,1.0,control,True,90.0,training
891,33.0,1.0,control,True,91.0,training
892,33.0,1.0,control,True,92.0,training
893,33.0,1.0,control,True,93.0,training
894,33.0,1.0,control,True,94.0,training
895,33.0,1.0,control,True,95.0,training
896,33.0,1.0,control,True,96.0,training
897,33.0,1.0,control,True,97.0,training
898,33.0,1.0,control,True,98.0,training
899,33.0,1.0,control,True,99.0,training
900,33.0,1.0,control,True,100.0,training
901,33.0,1.0,control,True,101.0,training
902,33.0,1.0,control,True,102.0,training
903,33.0,1.0,control,True,103.0,training
904,33.0,1.0,control,True,104.0,training
905,33.0,1.0,control,True,105.0,training
906,33.0,1.0,control,True,106.0,training
907,33.0,1.0,control,True,107.0,training
908,33.0,1.0,control,True,108.0,training
909,33.0,1.0,control,True,109.0,training
910,33.0,1.0,control,True,110.0,training
911,33.0,1.0,control,True,111.0,training
912,33.0,1.0,control,True,112.0,training
913,33.0,1.0,control,True,113.0,training
914,33.0,1.0,control,True,114.0,training
915,33.0,1.0,control,True,115.0,training
916,33.0,1.0,control,True,116.0,training
917,33.0,1.0,control,True,117.0,training
918,33.0,1.0,control,True,118.0,training
919,33.0,1.0,control,True,119.0,training
920,33.0,1.0,control,True,120.0,training
921,33.0,1.0,control,True,121.0,training
922,33.0,1.0,control,True,122.0,training
923,33.0,1.0,control,True,123.0,training
924,33.0,1.0,control,True,124.0,training
925,33.0,1.0,control,True,125.0,training
926,33.0,1.0,control,True,126.0,training
927,33.0,1.0,control,True,127.0,training
928,33.0,1.0,control,True,128.0,training
929,33.0,1.0,control,True,129.0,training
930,33.0,0.0,control,False,130.0,training
931,33.0,0.0,control,False,131.0,training
932,33.0,0.0,control,False,132.0,training
933,33.0,0.0,control,False,133.0,training
934,33.0,0.0,control,False,134.0,training
935,33.0,0.0,control,False,135.0,training
936,33.0,0.0,control,False,136.0,training
937,33.0,0.0,control,False,137.0,training
938,33.0,0.0,control,False,138.0,training
939,33.0,0.0,control,False,139.0,training
940,33.0,0.0,control,False,140.0,training
941,33.0,0.0,control,False,141.0,training
942,33.0,0.0,control,False,142.0,training
943,33.0,0.0,control,False,143.0,training
944,33.0,0.0,control,False,144.0,training
945,33.0,0.0,control,False,145.0,training
946,33.0,0.0,control,False,146.0,training
947,33.0,0.0,control,False,147.0,training
948,33.0,0.0,control,False,148.0,training
949,33.0,0.0,control,False,149.0,training
950,33.0,0.0,control,False,150.0,training
951,33.0,0.0,control,False,151.0,training
952,33.0,0.0,control,False,152.0,training
953,33.0,0.0,control,False,153.0,training
954,33.0,0.0,control,False,154.0,training
955,33.0,1.0,control,True,155.0,late test
956,33.0,0.0,control,True,156.0,late test
957,33.0,0.0,control,True,157.0,late test
958,33.0,0.0,control,True,158.0,late test
959,33.0,0.0,control,True,159.0,late test
960,34.0,1.0,control,True,0.0,training
961,34.0,0.0,control,True,1.0,training
962,34.0,0.0,control,True,2.0,training
963,34.0,1.0,control,True,3.0,training
964,34.0,1.0,control,True,4.0,training
965,34.0,0.0,control,True,5.0,training
966,34.0,0.0,control,True,6.0,training
967,34.0,0.0,control,True,7.0,training
968,34.0,0.0,control,True,8.0,training
969,34.0,0.0,control,True,9.0,training
970,34.0,1.0,control,True,10.0,training
971,34.0,1.0,control,True,11.0,training
972,34.0,0.0,control,True,12.0,training
973,34.0,1.0,control,True,13.0,training
974,34.0,0.0,control,True,14.0,training
975,34.0,1.0,control,True,15.0,training
976,34.0,1.0,control,True,16.0,training
977,34.0,1.0,control,True,17.0,training
978,34.0,1.0,control,True,18.0,training
979,34.0,1.0,control,True,19.0,training
980,34.0,1.0,control,True,20.0,training
981,34.0,1.0,control,True,21.0,training
982,34.0,1.0,control,True,22.0,training
983,34.0,1.0,control,True,23.0,training
984,34.0,1.0,control,True,24.0,training
985,34.0,0.0,control,False,25.0,training
986,34.0,0.0,control,False,26.0,training
987,34.0,0.0,control,False,27.0,training
988,34.0,0.0,control,False,28.0,training
989,34.0,0.0,control,False,29.0,training
990,34.0,0.0,control,False,30.0,training
991,34.0,0.0,control,False,31.0,training
992,34.0,0.0,control,False,32.0,training
993,34.0,0.0,control,False,33.0,training
994,34.0,0.0,control,False,34.0,training
995,34.0,0.0,control,False,35.0,training
996,34.0,0.0,control,False,36.0,training
997,34.0,0.0,control,False,37.0,training
998,34.0,0.0,control,False,38.0,training
999,34.0,0.0,control,False,39.0,training
1000,34.0,0.0,control,False,40.0,training
1001,34.0,0.0,control,False,41.0,training
1002,34.0,0.0,control,False,42.0,training
1003,34.0,0.0,control,False,43.0,training
1004,34.0,0.0,control,False,44.0,training
1005,34.0,0.0,control,False,45.0,training
1006,34.0,0.0,control,False,46.0,training
1007,34.0,0.0,control,False,47.0,training
1008,34.0,0.0,control,False,48.0,training
1009,34.0,0.0,control,False,49.0,training
1010,34.0,0.0,control,False,50.0,training
1011,34.0,0.0,control,False,51.0,training
1012,34.0,0.0,control,False,52.0,training
1013,34.0,0.0,control,False,53.0,training
1014,34.0,0.0,control,False,54.0,training
1015,34.0,0.0,control,False,55.0,training
1016,34.0,0.0,control,False,56.0,training
1017,34.0,0.0,control,False,57.0,training
1018,34.0,0.0,control,False,58.0,training
1019,34.0,0.0,control,False,59.0,training
1020,34.0,0.0,control,False,60.0,training
1021,34.0,0.0,control,False,61.0,training
1022,34.0,0.0,control,False,62.0,training
1023,34.0,0.0,control,False,63.0,training
1024,34.0,0.0,control,False,64.0,training
1025,34.0,0.0,control,False,65.0,training
1026,34.0,0.0,control,False,66.0,training
1027,34.0,0.0,control,False,67.0,training
1028,34.0,0.0,control,False,68.0,training
1029,34.0,0.0,control,False,69.0,training
1030,34.0,0.0,control,False,70.0,training
1031,34.0,0.0,control,False,71.0,training
1032,34.0,0.0,control,False,72.0,training
1033,34.0,0.0,control,False,73.0,training
1034,34.0,0.0,control,False,74.0,training
1035,34.0,0.0,control,True,75.0,early test
1036,34.0,0.0,control,True,76.0,early test
1037,34.0,0.0,control,True,77.0,early test
1038,34.0,1.0,control,True,78.0,early test
1039,34.0,0.0,control,True,79.0,early test
1040,34.0,1.0,control,True,80.0,training
1041,34.0,1.0,control,True,81.0,training
1042,34.0,1.0,control,True,82.0,training
1043,34.0,1.0,control,True,83.0,training
1044,34.0,1.0,control,True,84.0,training
1045,34.0,1.0,control,True,85.0,training
1046,34.0,1.0,control,True,86.0,training
1047,34.0,1.0,control,True,87.0,training
1048,34.0,1.0,control,True,88.0,training
1049,34.0,1.0,control,True,89.0,training
1050,34.0,1.0,control,True,90.0,training
1051,34.0,1.0,control,True,91.0,training
1052,34.0,1.0,control,True,92.0,training
1053,34.0,1.0,control,True,93.0,training
1054,34.0,1.0,control,True,94.0,training
1055,34.0,1.0,control,True,95.0,training
1056,34.0,1.0,control,True,96.0,training
1057,34.0,1.0,control,True,97.0,training
1058,34.0,1.0,control,True,98.0,training
1059,34.0,1.0,control,True,99.0,training
1060,34.0,1.0,control,True,100.0,training
1061,34.0,1.0,control,True,101.0,training
1062,34.0,1.0,control,True,102.0,training
1063,34.0,1.0,control,True,103.0,training
1064,34.0,1.0,control,True,104.0,training
1065,34.0,0.0,control,True,105.0,training
1066,34.0,0.0,control,True,106.0,training
1067,34.0,1.0,control,True,107.0,training
1068,34.0,1.0,control,True,108.0,training
1069,34.0,1.0,control,True,109.0,training
1070,34.0,1.0,control,True,110.0,training
1071,34.0,1.0,control,True,111.0,training
1072,34.0,1.0,control,True,112.0,training
1073,34.0,1.0,control,True,113.0,training
1074,34.0,1.0,control,True,114.0,training
1075,34.0,1.0,control,True,115.0,training
1076,34.0,1.0,control,True,116.0,training
1077,34.0,1.0,control,True,117.0,training
1078,34.0,1.0,control,True,118.0,training
1079,34.0,1.0,control,True,119.0,training
1080,34.0,1.0,control,True,120.0,training
1081,34.0,1.0,control,True,121.0,training
1082,34.0,1.0,control,True,122.0,training
1083,34.0,1.0,control,True,123.0,training
1084,34.0,1.0,control,True,124.0,training
1085,34.0,1.0,control,True,125.0,training
1086,34.0,1.0,control,True,126.0,training
1087,34.0,1.0,control,True,127.0,training
1088,34.0,1.0,control,True,128.0,training
1089,34.0,1.0,control,True,129.0,training
1090,34.0,0.0,control,False,130.0,training
1091,34.0,0.0,control,False,131.0,training
1092,34.0,0.0,control,False,132.0,training
1093,34.0,0.0,control,False,133.0,training
1094,34.0,0.0,control,False,134.0,training
1095,34.0,0.0,control,False,135.0,training
1096,34.0,0.0,control,False,136.0,training
1097,34.0,0.0,control,False,137.0,training
1098,34.0,0.0,control,False,138.0,training
1099,34.0,0.0,control,False,139.0,training
1100,34.0,0.0,control,False,140.0,training
1101,34.0,0.0,control,False,141.0,training
1102,34.0,0.0,control,False,142.0,training
1103,34.0,0.0,control,False,143.0,training
1104,34.0,0.0,control,False,144.0,training
1105,34.0,0.0,control,False,145.0,training
1106,34.0,0.0,control,False,146.0,training
1107,34.0,0.0,control,False,147.0,training
1108,34.0,0.0,control,False,148.0,training
1109,34.0,0.0,control,False,149.0,training
1110,34.0,0.0,control,False,150.0,training
1111,34.0,0.0,control,False,151.0,training
1112,34.0,0.0,control,False,152.0,training
1113,34.0,0.0,control,False,153.0,training
1114,34.0,0.0,control,False,154.0,training
1115,34.0,1.0,control,True,155.0,late test
1116,34.0,0.0,control,True,156.0,late test
1117,34.0,1.0,control,True,157.0,late test
1118,34.0,1.0,control,True,158.0,late test
1119,34.0,1.0,control,True,159.0,late test
1120,35.0,0.0,control,True,0.0,training
1121,35.0,0.0,control,True,1.0,training
1122,35.0,0.0,control,True,2.0,training
1123,35.0,1.0,control,True,3.0,training
1124,35.0,1.0,control,True,4.0,training
1125,35.0,0.0,control,True,5.0,training
1126,35.0,0.0,control,True,6.0,training
1127,35.0,0.0,control,True,7.0,training
1128,35.0,0.0,control,True,8.0,training
1129,35.0,0.0,control,True,9.0,training
1130,35.0,0.0,control,True,10.0,training
1131,35.0,0.0,control,True,11.0,training
1132,35.0,1.0,control,True,12.0,training
1133,35.0,1.0,control,True,13.0,training
1134,35.0,1.0,control,True,14.0,training
1135,35.0,0.0,control,True,15.0,training
1136,35.0,1.0,control,True,16.0,training
1137,35.0,1.0,control,True,17.0,training
1138,35.0,1.0,control,True,18.0,training
1139,35.0,1.0,control,True,19.0,training
1140,35.0,1.0,control,True,20.0,training
1141,35.0,1.0,control,True,21.0,training
1142,35.0,1.0,control,True,22.0,training
1143,35.0,1.0,control,True,23.0,training
1144,35.0,1.0,control,True,24.0,training
1145,35.0,0.0,control,False,25.0,training
1146,35.0,0.0,control,False,26.0,training
1147,35.0,0.0,control,False,27.0,training
1148,35.0,0.0,control,False,28.0,training
1149,35.0,0.0,control,False,29.0,training
1150,35.0,0.0,control,False,30.0,training
1151,35.0,0.0,control,False,31.0,training
1152,35.0,0.0,control,False,32.0,training
1153,35.0,0.0,control,False,33.0,training
1154,35.0,0.0,control,False,34.0,training
1155,35.0,0.0,control,False,35.0,training
1156,35.0,0.0,control,False,36.0,training
1157,35.0,0.0,control,False,37.0,training
1158,35.0,0.0,control,False,38.0,training
1159,35.0,0.0,control,False,39.0,training
1160,35.0,0.0,control,False,40.0,training
1161,35.0,0.0,control,False,41.0,training
1162,35.0,0.0,control,False,42.0,training
1163,35.0,0.0,control,False,43.0,training
1164,35.0,0.0,control,False,44.0,training
1165,35.0,0.0,control,False,45.0,training
1166,35.0,0.0,control,False,46.0,training
1167,35.0,0.0,control,False,47.0,training
1168,35.0,0.0,control,False,48.0,training
1169,35.0,0.0,control,False,49.0,training
1170,35.0,0.0,control,False,50.0,training
1171,35.0,0.0,control,False,51.0,training
1172,35.0,0.0,control,False,52.0,training
1173,35.0,0.0,control,False,53.0,training
1174,35.0,0.0,control,False,54.0,training
1175,35.0,0.0,control,False,55.0,training
1176,35.0,0.0,control,False,56.0,training
1177,35.0,0.0,control,False,57.0,training
1178,35.0,0.0,control,False,58.0,training
1179,35.0,0.0,control,False,59.0,training
1180,35.0,0.0,control,False,60.0,training
1181,35.0,0.0,control,False,61.0,training
1182,35.0,0.0,control,False,62.0,training
1183,35.0,0.0,control,False,63.0,training
1184,35.0,0.0,control,False,64.0,training
1185,35.0,0.0,control,False,65.0,training
1186,35.0,0.0,control,False,66.0,training
1187,35.0,0.0,control,False,67.0,training
1188,35.0,0.0,control,False,68.0,training
1189,35.0,0.0,control,False,69.0,training
1190,35.0,0.0,control,False,70.0,training
1191,35.0,0.0,control,False,71.0,training
1192,35.0,0.0,control,False,72.0,training
1193,35.0,0.0,control,False,73.0,training
1194,35.0,0.0,control,False,74.0,training
1195,35.0,0.0,control,True,75.0,early test
1196,35.0,0.0,control,True,76.0,early test
1197,35.0,0.0,control,True,77.0,early test
1198,35.0,1.0,control,True,78.0,early test
1199,35.0,0.0,control,True,79.0,early test
1200,35.0,1.0,control,True,80.0,training
1201,35.0,1.0,control,True,81.0,training
1202,35.0,1.0,control,True,82.0,training
1203,35.0,1.0,control,True,83.0,training
1204,35.0,1.0,control,True,84.0,training
1205,35.0,1.0,control,True,85.0,training
1206,35.0,1.0,control,True,86.0,training
1207,35.0,1.0,control,True,87.0,training
1208,35.0,1.0,control,True,88.0,training
1209,35.0,1.0,control,True,89.0,training
1210,35.0,1.0,control,True,90.0,training
1211,35.0,1.0,control,True,91.0,training
1212,35.0,1.0,control,True,92.0,training
1213,35.0,1.0,control,True,93.0,training
1214,35.0,1.0,control,True,94.0,training
1215,35.0,1.0,control,True,95.0,training
1216,35.0,1.0,control,True,96.0,training
1217,35.0,1.0,control,True,97.0,training
1218,35.0,1.0,control,True,98.0,training
1219,35.0,1.0,control,True,99.0,training
1220,35.0,1.0,control,True,100.0,training
1221,35.0,1.0,control,True,101.0,training
1222,35.0,1.0,control,True,102.0,training
1223,35.0,1.0,control,True,103.0,training
1224,35.0,1.0,control,True,104.0,training
1225,35.0,1.0,control,True,105.0,training
1226,35.0,1.0,control,True,106.0,training
1227,35.0,1.0,control,True,107.0,training
1228,35.0,1.0,control,True,108.0,training
1229,35.0,1.0,control,True,109.0,training
1230,35.0,1.0,control,True,110.0,training
1231,35.0,1.0,control,True,111.0,training
1232,35.0,1.0,control,True,112.0,training
1233,35.0,1.0,control,True,113.0,training
1234,35.0,1.0,control,True,114.0,training
1235,35.0,1.0,control,True,115.0,training
1236,35.0,1.0,control,True,116.0,training
1237,35.0,1.0,control,True,117.0,training
1238,35.0,1.0,control,True,118.0,training
1239,35.0,1.0,control,True,119.0,training
1240,35.0,1.0,control,True,120.0,training
1241,35.0,1.0,control,True,121.0,training
1242,35.0,1.0,control,True,122.0,training
1243,35.0,1.0,control,True,123.0,training
1244,35.0,1.0,control,True,124.0,training
1245,35.0,1.0,control,True,125.0,training
1246,35.0,1.0,control,True,126.0,training
1247,35.0,1.0,control,True,127.0,training
1248,35.0,1.0,control,True,128.0,training
1249,35.0,1.0,control,True,129.0,training
1250,35.0,0.0,control,False,130.0,training
1251,35.0,0.0,control,False,131.0,training
1252,35.0,0.0,control,False,132.0,training
1253,35.0,0.0,control,False,133.0,training
1254,35.0,0.0,control,False,134.0,training
1255,35.0,0.0,control,False,135.0,training
1256,35.0,0.0,control,False,136.0,training
1257,35.0,0.0,control,False,137.0,training
1258,35.0,0.0,control,False,138.0,training
1259,35.0,0.0,control,False,139.0,training
1260,35.0,0.0,control,False,140.0,training
1261,35.0,0.0,control,False,141.0,training
1262,35.0,0.0,control,False,142.0,training
1263,35.0,0.0,control,False,143.0,training
1264,35.0,0.0,control,False,144.0,training
1265,35.0,0.0,control,False,145.0,training
1266,35.0,0.0,control,False,146.0,training
1267,35.0,0.0,control,False,147.0,training
1268,35.0,0.0,control,False,148.0,training
1269,35.0,0.0,control,False,149.0,training
1270,35.0,0.0,control,False,150.0,training
1271,35.0,0.0,control,False,151.0,training
1272,35.0,0.0,control,False,152.0,training
1273,35.0,0.0,control,False,153.0,training
1274,35.0,0.0,control,False,154.0,training
1275,35.0,1.0,control,True,155.0,late test
1276,35.0,1.0,control,True,156.0,late test
1277,35.0,0.0,control,True,157.0,late test
1278,35.0,0.0,control,True,158.0,late test
1279,35.0,1.0,control,True,159.0,late test
1280,44.0,0.0,cie,True,0.0,training
1281,44.0,0.0,cie,True,1.0,training
1282,44.0,0.0,cie,True,2.0,training
1283,44.0,1.0,cie,True,3.0,training
1284,44.0,0.0,cie,True,4.0,training
1285,44.0,0.0,cie,True,5.0,training
1286,44.0,0.0,cie,True,6.0,training
1287,44.0,0.0,cie,True,7.0,training
1288,44.0,0.0,cie,True,8.0,training
1289,44.0,0.0,cie,True,9.0,training
1290,44.0,1.0,cie,True,10.0,training
1291,44.0,0.0,cie,True,11.0,training
1292,44.0,0.0,cie,True,12.0,training
1293,44.0,1.0,cie,True,13.0,training
1294,44.0,1.0,cie,True,14.0,training
1295,44.0,1.0,cie,True,15.0,training
1296,44.0,1.0,cie,True,16.0,training
1297,44.0,1.0,cie,True,17.0,training
1298,44.0,1.0,cie,True,18.0,training
1299,44.0,1.0,cie,True,19.0,training
1300,44.0,1.0,cie,True,20.0,training
1301,44.0,1.0,cie,True,21.0,training
1302,44.0,1.0,cie,True,22.0,training
1303,44.0,1.0,cie,True,23.0,training
1304,44.0,1.0,cie,True,24.0,training
1305,44.0,0.0,cie,False,25.0,training
1306,44.0,0.0,cie,False,26.0,training
1307,44.0,0.0,cie,False,27.0,training
1308,44.0,0.0,cie,False,28.0,training
1309,44.0,0.0,cie,False,29.0,training
1310,44.0,0.0,cie,False,30.0,training
1311,44.0,0.0,cie,False,31.0,training
1312,44.0,0.0,cie,False,32.0,training
1313,44.0,0.0,cie,False,33.0,training
1314,44.0,0.0,cie,False,34.0,training
1315,44.0,0.0,cie,False,35.0,training
1316,44.0,0.0,cie,False,36.0,training
1317,44.0,0.0,cie,False,37.0,training
1318,44.0,0.0,cie,False,38.0,training
1319,44.0,0.0,cie,False,39.0,training
1320,44.0,0.0,cie,False,40.0,training
1321,44.0,0.0,cie,False,41.0,training
1322,44.0,0.0,cie,False,42.0,training
1323,44.0,0.0,cie,False,43.0,training
1324,44.0,0.0,cie,False,44.0,training
1325,44.0,0.0,cie,False,45.0,training
1326,44.0,0.0,cie,False,46.0,training
1327,44.0,0.0,cie,False,47.0,training
1328,44.0,0.0,cie,False,48.0,training
1329,44.0,0.0,cie,False,49.0,training
1330,44.0,0.0,cie,False,50.0,training
1331,44.0,0.0,cie,False,51.0,training
1332,44.0,0.0,cie,False,52.0,training
1333,44.0,0.0,cie,False,53.0,training
1334,44.0,0.0,cie,False,54.0,training
1335,44.0,0.0,cie,False,55.0,training
1336,44.0,0.0,cie,False,56.0,training
1337,44.0,0.0,cie,False,57.0,training
1338,44.0,0.0,cie,False,58.0,training
1339,44.0,0.0,cie,False,59.0,training
1340,44.0,0.0,cie,False,60.0,training
1341,44.0,0.0,cie,False,61.0,training
1342,44.0,0.0,cie,False,62.0,training
1343,44.0,0.0,cie,False,63.0,training
1344,44.0,0.0,cie,False,64.0,training
1345,44.0,0.0,cie,False,65.0,training
1346,44.0,0.0,cie,False,66.0,training
1347,44.0,0.0,cie,False,67.0,training
1348,44.0,0.0,cie,False,68.0,training
1349,44.0,0.0,cie,False,69.0,training
1350,44.0,0.0,cie,False,70.0,training
1351,44.0,0.0,cie,False,71.0,training
1352,44.0,0.0,cie,False,72.0,training
1353,44.0,0.0,cie,False,73.0,training
1354,44.0,0.0,cie,False,74.0,training
1355,44.0,0.0,cie,True,75.0,early test
1356,44.0,0.0,cie,True,76.0,early test
1357,44.0,0.0,cie,True,77.0,early test
1358,44.0,1.0,cie,True,78.0,early test
1359,44.0,0.0,cie,True,79.0,early test
1360,44.0,1.0,cie,True,80.0,training
1361,44.0,1.0,cie,True,81.0,training
1362,44.0,1.0,cie,True,82.0,training
1363,44.0,1.0,cie,True,83.0,training
1364,44.0,1.0,cie,True,84.0,training
1365,44.0,1.0,cie,True,85.0,training
1366,44.0,1.0,cie,True,86.0,training
1367,44.0,1.0,cie,True,87.0,training
1368,44.0,1.0,cie,True,88.0,training
1369,44.0,1.0,cie,True,89.0,training
1370,44.0,1.0,cie,True,90.0,training
1371,44.0,1.0,cie,True,91.0,training
1372,44.0,1.0,cie,True,92.0,training
1373,44.0,1.0,cie,True,93.0,training
1374,44.0,1.0,cie,True,94.0,training
1375,44.0,1.0,cie,True,95.0,training
1376,44.0,1.0,cie,True,96.0,training
1377,44.0,1.0,cie,True,97.0,training
1378,44.0,1.0,cie,True,98.0,training
1379,44.0,1.0,cie,True,99.0,training
1380,44.0,1.0,cie,True,100.0,training
1381,44.0,1.0,cie,True,101.0,training
1382,44.0,1.0,cie,True,102.0,training
1383,44.0,1.0,cie,True,103.0,training
1384,44.0,1.0,cie,True,104.0,training
1385,44.0,1.0,cie,True,105.0,training
1386,44.0,1.0,cie,True,106.0,training
1387,44.0,1.0,cie,True,107.0,training
1388,44.0,1.0,cie,True,108.0,training
1389,44.0,1.0,cie,True,109.0,training
1390,44.0,1.0,cie,True,110.0,training
1391,44.0,1.0,cie,True,111.0,training
1392,44.0,1.0,cie,True,112.0,training
1393,44.0,1.0,cie,True,113.0,training
1394,44.0,1.0,cie,True,114.0,training
1395,44.0,1.0,cie,True,115.0,training
1396,44.0,1.0,cie,True,116.0,training
1397,44.0,1.0,cie,True,117.0,training
1398,44.0,1.0,cie,True,118.0,training
1399,44.0,1.0,cie,True,119.0,training
1400,44.0,1.0,cie,True,120.0,training
1401,44.0,1.0,cie,True,121.0,training
1402,44.0,1.0,cie,True,122.0,training
1403,44.0,1.0,cie,True,123.0,training
1404,44.0,1.0,cie,True,124.0,training
1405,44.0,1.0,cie,True,125.0,training
1406,44.0,1.0,cie,True,126.0,training
1407,44.0,1.0,cie,True,127.0,training
1408,44.0,1.0,cie,True,128.0,training
1409,44.0,1.0,cie,True,129.0,training
1410,44.0,0.0,cie,False,130.0,training
1411,44.0,0.0,cie,False,131.0,training
1412,44.0,0.0,cie,False,132.0,training
1413,44.0,0.0,cie,False,133.0,training
1414,44.0,0.0,cie,False,134.0,training
1415,44.0,0.0,cie,False,135.0,training
1416,44.0,0.0,cie,False,136.0,training
1417,44.0,0.0,cie,False,137.0,training
1418,44.0,0.0,cie,False,138.0,training
1419,44.0,0.0,cie,False,139.0,training
1420,44.0,0.0,cie,False,140.0,training
1421,44.0,0.0,cie,False,141.0,training
1422,44.0,0.0,cie,False,142.0,training
1423,44.0,0.0,cie,False,143.0,training
1424,44.0,0.0,cie,False,144.0,training
1425,44.0,0.0,cie,False,145.0,training
1426,44.0,0.0,cie,False,146.0,training
1427,44.0,0.0,cie,False,147.0,training
1428,44.0,0.0,cie,False,148.0,training
1429,44.0,0.0,cie,False,149.0,training
1430,44.0,0.0,cie,False,150.0,training
1431,44.0,0.0,cie,False,151.0,training
1432,44.0,0.0,cie,False,152.0,training
1433,44.0,0.0,cie,False,153.0,training
1434,44.0,0.0,cie,False,154.0,training
1435,44.0,1.0,cie,True,155.0,late test
1436,44.0,0.0,cie,True,156.0,late test
1437,44.0,1.0,cie,True,157.0,late test
1438,44.0,0.0,cie,True,158.0,late test
1439,44.0,1.0,cie,True,159.0,late test
1440,45.0,0.0,cie,True,0.0,training
1441,45.0,0.0,cie,True,1.0,training
1442,45.0,0.0,cie,True,2.0,training
1443,45.0,0.0,cie,True,3.0,training
1444,45.0,0.0,cie,True,4.0,training
1445,45.0,0.0,cie,True,5.0,training
1446,45.0,0.0,cie,True,6.0,training
1447,45.0,0.0,cie,True,7.0,training
1448,45.0,1.0,cie,True,8.0,training
1449,45.0,1.0,cie,True,9.0,training
1450,45.0,0.0,cie,True,10.0,training
1451,45.0,0.0,cie,True,11.0,training
1452,45.0,0.0,cie,True,12.0,training
1453,45.0,0.0,cie,True,13.0,training
1454,45.0,0.0,cie,True,14.0,training
1455,45.0,0.0,cie,True,15.0,training
1456,45.0,0.0,cie,True,16.0,training
1457,45.0,1.0,cie,True,17.0,training
1458,45.0,0.0,cie,True,18.0,training
1459,45.0,0.0,cie,True,19.0,training
1460,45.0,0.0,cie,True,20.0,training
1461,45.0,0.0,cie,True,21.0,training
1462,45.0,0.0,cie,True,22.0,training
1463,45.0,1.0,cie,True,23.0,training
1464,45.0,1.0,cie,True,24.0,training
1465,45.0,0.0,cie,True,25.0,training
1466,45.0,0.0,cie,True,26.0,training
1467,45.0,1.0,cie,True,27.0,training
1468,45.0,1.0,cie,True,28.0,training
1469,45.0,1.0,cie,True,29.0,training
1470,45.0,0.0,cie,True,30.0,training
1471,45.0,1.0,cie,True,31.0,training
1472,45.0,1.0,cie,True,32.0,training
1473,45.0,1.0,cie,True,33.0,training
1474,45.0,1.0,cie,True,34.0,training
1475,45.0,1.0,cie,True,35.0,training
1476,45.0,1.0,cie,True,36.0,training
1477,45.0,1.0,cie,True,37.0,training
1478,45.0,1.0,cie,True,38.0,training
1479,45.0,1.0,cie,True,39.0,training
1480,45.0,0.0,cie,False,40.0,training
1481,45.0,0.0,cie,False,41.0,training
1482,45.0,0.0,cie,False,42.0,training
1483,45.0,0.0,cie,False,43.0,training
1484,45.0,0.0,cie,False,44.0,training
1485,45.0,0.0,cie,False,45.0,training
1486,45.0,0.0,cie,False,46.0,training
1487,45.0,0.0,cie,False,47.0,training
1488,45.0,0.0,cie,False,48.0,training
1489,45.0,0.0,cie,False,49.0,training
1490,45.0,0.0,cie,False,50.0,training
1491,45.0,0.0,cie,False,51.0,training
1492,45.0,0.0,cie,False,52.0,training
1493,45.0,0.0,cie,False,53.0,training
1494,45.0,0.0,cie,False,54.0,training
1495,45.0,0.0,cie,False,55.0,training
1496,45.0,0.0,cie,False,56.0,training
1497,45.0,0.0,cie,False,57.0,training
1498,45.0,0.0,cie,False,58.0,training
1499,45.0,0.0,cie,False,59.0,training
1500,45.0,0.0,cie,False,60.0,training
1501,45.0,0.0,cie,False,61.0,training
1502,45.0,0.0,cie,False,62.0,training
1503,45.0,0.0,cie,False,63.0,training
1504,45.0,0.0,cie,False,64.0,training
1505,45.0,0.0,cie,False,65.0,training
1506,45.0,0.0,cie,False,66.0,training
1507,45.0,0.0,cie,False,67.0,training
1508,45.0,0.0,cie,False,68.0,training
1509,45.0,0.0,cie,False,69.0,training
1510,45.0,0.0,cie,False,70.0,training
1511,45.0,0.0,cie,False,71.0,training
1512,45.0,0.0,cie,False,72.0,training
1513,45.0,0.0,cie,False,73.0,training
1514,45.0,0.0,cie,False,74.0,training
1515,45.0,0.0,cie,True,75.0,early test
1516,45.0,0.0,cie,True,76.0,early test
1517,45.0,1.0,cie,True,77.0,early test
1518,45.0,0.0,cie,True,78.0,early test
1519,45.0,0.0,cie,True,79.0,early test
1520,45.0,1.0,cie,True,80.0,training
1521,45.0,0.0,cie,True,81.0,training
1522,45.0,1.0,cie,True,82.0,training
1523,45.0,1.0,cie,True,83.0,training
1524,45.0,1.0,cie,True,84.0,training
1525,45.0,1.0,cie,True,85.0,training
1526,45.0,1.0,cie,True,86.0,training
1527,45.0,1.0,cie,True,87.0,training
1528,45.0,1.0,cie,True,88.0,training
1529,45.0,1.0,cie,True,89.0,training
1530,45.0,0.0,cie,True,90.0,training
1531,45.0,1.0,cie,True,91.0,training
1532,45.0,1.0,cie,True,92.0,training
1533,45.0,1.0,cie,True,93.0,training
1534,45.0,1.0,cie,True,94.0,training
1535,45.0,0.0,cie,True,95.0,training
1536,45.0,1.0,cie,True,96.0,training
1537,45.0,1.0,cie,True,97.0,training
1538,45.0,1.0,cie,True,98.0,training
1539,45.0,1.0,cie,True,99.0,training
1540,45.0,0.0,cie,True,100.0,training
1541,45.0,1.0,cie,True,101.0,training
1542,45.0,1.0,cie,True,102.0,training
1543,45.0,1.0,cie,True,103.0,training
1544,45.0,1.0,cie,True,104.0,training
1545,45.0,1.0,cie,True,105.0,training
1546,45.0,1.0,cie,True,106.0,training
1547,45.0,1.0,cie,True,107.0,training
1548,45.0,1.0,cie,True,108.0,training
1549,45.0,1.0,cie,True,109.0,training
1550,45.0,1.0,cie,True,110.0,training
1551,45.0,1.0,cie,True,111.0,training
1552,45.0,1.0,cie,True,112.0,training
1553,45.0,1.0,cie,True,113.0,training
1554,45.0,1.0,cie,True,114.0,training
1555,45.0,1.0,cie,True,115.0,training
1556,45.0,1.0,cie,True,116.0,training
1557,45.0,1.0,cie,True,117.0,training
1558,45.0,1.0,cie,True,118.0,training
1559,45.0,1.0,cie,True,119.0,training
1560,45.0,1.0,cie,True,120.0,training
1561,45.0,1.0,cie,True,121.0,training
1562,45.0,1.0,cie,True,122.0,training
1563,45.0,1.0,cie,True,123.0,training
1564,45.0,1.0,cie,True,124.0,training
1565,45.0,1.0,cie,True,125.0,training
1566,45.0,1.0,cie,True,126.0,training
1567,45.0,1.0,cie,True,127.0,training
1568,45.0,1.0,cie,True,128.0,training
1569,45.0,1.0,cie,True,129.0,training
1570,45.0,0.0,cie,False,130.0,training
1571,45.0,0.0,cie,False,131.0,training
1572,45.0,0.0,cie,False,132.0,training
1573,45.0,0.0,cie,False,133.0,training
1574,45.0,0.0,cie,False,134.0,training
1575,45.0,0.0,cie,False,135.0,training
1576,45.0,0.0,cie,False,136.0,training
1577,45.0,0.0,cie,False,137.0,training
1578,45.0,0.0,cie,False,138.0,training
1579,45.0,0.0,cie,False,139.0,training
1580,45.0,0.0,cie,False,140.0,training
1581,45.0,0.0,cie,False,141.0,training
1582,45.0,0.0,cie,False,142.0,training
1583,45.0,0.0,cie,False,143.0,training
1584,45.0,0.0,cie,False,144.0,training
1585,45.0,0.0,cie,False,145.0,training
1586,45.0,0.0,cie,False,146.0,training
1587,45.0,0.0,cie,False,147.0,training
1588,45.0,0.0,cie,False,148.0,training
1589,45.0,0.0,cie,False,149.0,training
1590,45.0,0.0,cie,False,150.0,training
1591,45.0,0.0,cie,False,151.0,training
1592,45.0,0.0,cie,False,152.0,training
1593,45.0,0.0,cie,False,153.0,training
1594,45.0,0.0,cie,False,154.0,training
1595,45.0,1.0,cie,True,155.0,late test
1596,45.0,1.0,cie,True,156.0,late test
1597,45.0,1.0,cie,True,157.0,late test
1598,45.0,1.0,cie,True,158.0,late test
1599,45.0,1.0,cie,True,159.0,late test
1600,46.0,1.0,cie,True,0.0,training
1601,46.0,0.0,cie,True,1.0,training
1602,46.0,1.0,cie,True,2.0,training
1603,46.0,1.0,cie,True,3.0,training
1604,46.0,1.0,cie,True,4.0,training
1605,46.0,0.0,cie,True,5.0,training
1606,46.0,0.0,cie,True,6.0,training
1607,46.0,0.0,cie,True,7.0,training
1608,46.0,1.0,cie,True,8.0,training
1609,46.0,1.0,cie,True,9.0,training
1610,46.0,0.0,cie,True,10.0,training
1611,46.0,0.0,cie,True,11.0,training
1612,46.0,0.0,cie,True,12.0,training
1613,46.0,0.0,cie,True,13.0,training
1614,46.0,1.0,cie,True,14.0,training
1615,46.0,0.0,cie,True,15.0,training
1616,46.0,0.0,cie,True,16.0,training
1617,46.0,1.0,cie,True,17.0,training
1618,46.0,1.0,cie,True,18.0,training
1619,46.0,1.0,cie,True,19.0,training
1620,46.0,0.0,cie,True,20.0,training
1621,46.0,0.0,cie,True,21.0,training
1622,46.0,0.0,cie,True,22.0,training
1623,46.0,1.0,cie,True,23.0,training
1624,46.0,1.0,cie,True,24.0,training
1625,46.0,0.0,cie,True,25.0,training
1626,46.0,1.0,cie,True,26.0,training
1627,46.0,1.0,cie,True,27.0,training
1628,46.0,1.0,cie,True,28.0,training
1629,46.0,1.0,cie,True,29.0,training
1630,46.0,0.0,cie,True,30.0,training
1631,46.0,1.0,cie,True,31.0,training
1632,46.0,1.0,cie,True,32.0,training
1633,46.0,1.0,cie,True,33.0,training
1634,46.0,1.0,cie,True,34.0,training
1635,46.0,0.0,cie,False,35.0,training
1636,46.0,0.0,cie,False,36.0,training
1637,46.0,0.0,cie,False,37.0,training
1638,46.0,0.0,cie,False,38.0,training
1639,46.0,0.0,cie,False,39.0,training
1640,46.0,0.0,cie,False,40.0,training
1641,46.0,0.0,cie,False,41.0,training
1642,46.0,0.0,cie,False,42.0,training
1643,46.0,0.0,cie,False,43.0,training
1644,46.0,0.0,cie,False,44.0,training
1645,46.0,0.0,cie,False,45.0,training
1646,46.0,0.0,cie,False,46.0,training
1647,46.0,0.0,cie,False,47.0,training
1648,46.0,0.0,cie,False,48.0,training
1649,46.0,0.0,cie,False,49.0,training
1650,46.0,0.0,cie,False,50.0,training
1651,46.0,0.0,cie,False,51.0,training
1652,46.0,0.0,cie,False,52.0,training
1653,46.0,0.0,cie,False,53.0,training
1654,46.0,0.0,cie,False,54.0,training
1655,46.0,0.0,cie,False,55.0,training
1656,46.0,0.0,cie,False,56.0,training
1657,46.0,0.0,cie,False,57.0,training
1658,46.0,0.0,cie,False,58.0,training
1659,46.0,0.0,cie,False,59.0,training
1660,46.0,0.0,cie,False,60.0,training
1661,46.0,0.0,cie,False,61.0,training
1662,46.0,0.0,cie,False,62.0,training
1663,46.0,0.0,cie,False,63.0,training
1664,46.0,0.0,cie,False,64.0,training
1665,46.0,0.0,cie,False,65.0,training
1666,46.0,0.0,cie,False,66.0,training
1667,46.0,0.0,cie,False,67.0,training
1668,46.0,0.0,cie,False,68.0,training
1669,46.0,0.0,cie,False,69.0,training
1670,46.0,0.0,cie,False,70.0,training
1671,46.0,0.0,cie,False,71.0,training
1672,46.0,0.0,cie,False,72.0,training
1673,46.0,0.0,cie,False,73.0,training
1674,46.0,0.0,cie,False,74.0,training
1675,46.0,1.0,cie,True,75.0,early test
1676,46.0,1.0,cie,True,76.0,early test
1677,46.0,1.0,cie,True,77.0,early test
1678,46.0,1.0,cie,True,78.0,early test
1679,46.0,1.0,cie,True,79.0,early test
1680,46.0,1.0,cie,True,80.0,training
1681,46.0,0.0,cie,True,81.0,training
1682,46.0,1.0,cie,True,82.0,training
1683,46.0,1.0,cie,True,83.0,training
1684,46.0,1.0,cie,True,84.0,training
1685,46.0,0.0,cie,True,85.0,training
1686,46.0,1.0,cie,True,86.0,training
1687,46.0,1.0,cie,True,87.0,training
1688,46.0,1.0,cie,True,88.0,training
1689,46.0,1.0,cie,True,89.0,training
1690,46.0,0.0,cie,True,90.0,training
1691,46.0,0.0,cie,True,91.0,training
1692,46.0,1.0,cie,True,92.0,training
1693,46.0,1.0,cie,True,93.0,training
1694,46.0,1.0,cie,True,94.0,training
1695,46.0,0.0,cie,True,95.0,training
1696,46.0,1.0,cie,True,96.0,training
1697,46.0,0.0,cie,True,97.0,training
1698,46.0,1.0,cie,True,98.0,training
1699,46.0,1.0,cie,True,99.0,training
1700,46.0,0.0,cie,True,100.0,training
1701,46.0,1.0,cie,True,101.0,training
1702,46.0,1.0,cie,True,102.0,training
1703,46.0,1.0,cie,True,103.0,training
1704,46.0,1.0,cie,True,104.0,training
1705,46.0,1.0,cie,True,105.0,training
1706,46.0,1.0,cie,True,106.0,training
1707,46.0,1.0,cie,True,107.0,training
1708,46.0,1.0,cie,True,108.0,training
1709,46.0,1.0,cie,True,109.0,training
1710,46.0,0.0,cie,True,110.0,training
1711,46.0,1.0,cie,True,111.0,training
1712,46.0,1.0,cie,True,112.0,training
1713,46.0,1.0,cie,True,113.0,training
1714,46.0,1.0,cie,True,114.0,training
1715,46.0,1.0,cie,True,115.0,training
1716,46.0,1.0,cie,True,116.0,training
1717,46.0,1.0,cie,True,117.0,training
1718,46.0,1.0,cie,True,118.0,training
1719,46.0,1.0,cie,True,119.0,training
1720,46.0,0.0,cie,True,120.0,training
1721,46.0,1.0,cie,True,121.0,training
1722,46.0,1.0,cie,True,122.0,training
1723,46.0,1.0,cie,True,123.0,training
1724,46.0,1.0,cie,True,124.0,training
1725,46.0,1.0,cie,True,125.0,training
1726,46.0,1.0,cie,True,126.0,training
1727,46.0,1.0,cie,True,127.0,training
1728,46.0,1.0,cie,True,128.0,training
1729,46.0,1.0,cie,True,129.0,training
1730,46.0,1.0,cie,True,130.0,training
1731,46.0,1.0,cie,True,131.0,training
1732,46.0,1.0,cie,True,132.0,training
1733,46.0,1.0,cie,True,133.0,training
1734,46.0,1.0,cie,True,134.0,training
1735,46.0,1.0,cie,True,135.0,training
1736,46.0,1.0,cie,True,136.0,training
1737,46.0,1.0,cie,True,137.0,training
1738,46.0,1.0,cie,True,138.0,training
1739,46.0,1.0,cie,True,139.0,training
1740,46.0,1.0,cie,True,140.0,training
1741,46.0,1.0,cie,True,141.0,training
1742,46.0,1.0,cie,True,142.0,training
1743,46.0,1.0,cie,True,143.0,training
1744,46.0,1.0,cie,True,144.0,training
1745,46.0,1.0,cie,True,145.0,training
1746,46.0,1.0,cie,True,146.0,training
1747,46.0,1.0,cie,True,147.0,training
1748,46.0,1.0,cie,True,148.0,training
1749,46.0,1.0,cie,True,149.0,training
1750,46.0,0.0,cie,False,150.0,training
1751,46.0,0.0,cie,False,151.0,training
1752,46.0,0.0,cie,False,152.0,training
1753,46.0,0.0,cie,False,153.0,training
1754,46.0,0.0,cie,False,154.0,training
1755,46.0,0.0,cie,True,155.0,late test
1756,46.0,0.0,cie,True,156.0,late test
1757,46.0,0.0,cie,True,157.0,late test
1758,46.0,0.0,cie,True,158.0,late test
1759,46.0,1.0,cie,True,159.0,late test
1760,47.0,1.0,cie,True,0.0,training
1761,47.0,0.0,cie,True,1.0,training
1762,47.0,1.0,cie,True,2.0,training
1763,47.0,1.0,cie,True,3.0,training
1764,47.0,0.0,cie,True,4.0,training
1765,47.0,1.0,cie,True,5.0,training
1766,47.0,0.0,cie,True,6.0,training
1767,47.0,0.0,cie,True,7.0,training
1768,47.0,0.0,cie,True,8.0,training
1769,47.0,0.0,cie,True,9.0,training
1770,47.0,1.0,cie,True,10.0,training
1771,47.0,0.0,cie,True,11.0,training
1772,47.0,1.0,cie,True,12.0,training
1773,47.0,1.0,cie,True,13.0,training
1774,47.0,1.0,cie,True,14.0,training
1775,47.0,0.0,cie,True,15.0,training
1776,47.0,0.0,cie,True,16.0,training
1777,47.0,1.0,cie,True,17.0,training
1778,47.0,0.0,cie,True,18.0,training
1779,47.0,1.0,cie,True,19.0,training
1780,47.0,0.0,cie,True,20.0,training
1781,47.0,0.0,cie,True,21.0,training
1782,47.0,0.0,cie,True,22.0,training
1783,47.0,0.0,cie,True,23.0,training
1784,47.0,0.0,cie,True,24.0,training
1785,47.0,0.0,cie,True,25.0,training
1786,47.0,0.0,cie,True,26.0,training
1787,47.0,1.0,cie,True,27.0,training
1788,47.0,0.0,cie,True,28.0,training
1789,47.0,0.0,cie,True,29.0,training
1790,47.0,0.0,cie,True,30.0,training
1791,47.0,0.0,cie,True,31.0,training
1792,47.0,1.0,cie,True,32.0,training
1793,47.0,1.0,cie,True,33.0,training
1794,47.0,0.0,cie,True,34.0,training
1795,47.0,0.0,cie,True,35.0,training
1796,47.0,0.0,cie,True,36.0,training
1797,47.0,1.0,cie,True,37.0,training
1798,47.0,1.0,cie,True,38.0,training
1799,47.0,0.0,cie,True,39.0,training
1800,47.0,1.0,cie,True,40.0,training
1801,47.0,0.0,cie,True,41.0,training
1802,47.0,0.0,cie,True,42.0,training
1803,47.0,1.0,cie,True,43.0,training
1804,47.0,0.0,cie,True,44.0,training
1805,47.0,0.0,cie,True,45.0,training
1806,47.0,1.0,cie,True,46.0,training
1807,47.0,1.0,cie,True,47.0,training
1808,47.0,1.0,cie,True,48.0,training
1809,47.0,1.0,cie,True,49.0,training
1810,47.0,0.0,cie,True,50.0,training
1811,47.0,1.0,cie,True,51.0,training
1812,47.0,1.0,cie,True,52.0,training
1813,47.0,0.0,cie,True,53.0,training
1814,47.0,1.0,cie,True,54.0,training
1815,47.0,0.0,cie,True,55.0,training
1816,47.0,1.0,cie,True,56.0,training
1817,47.0,1.0,cie,True,57.0,training
1818,47.0,1.0,cie,True,58.0,training
1819,47.0,0.0,cie,True,59.0,training
1820,47.0,0.0,cie,True,60.0,training
1821,47.0,1.0,cie,True,61.0,training
1822,47.0,1.0,cie,True,62.0,training
1823,47.0,1.0,cie,True,63.0,training
1824,47.0,1.0,cie,True,64.0,training
1825,47.0,1.0,cie,True,65.0,training
1826,47.0,0.0,cie,True,66.0,training
1827,47.0,1.0,cie,True,67.0,training
1828,47.0,1.0,cie,True,68.0,training
1829,47.0,1.0,cie,True,69.0,training
1830,47.0,0.0,cie,False,70.0,training
1831,47.0,0.0,cie,False,71.0,training
1832,47.0,0.0,cie,False,72.0,training
1833,47.0,0.0,cie,False,73.0,training
1834,47.0,0.0,cie,False,74.0,training
1835,47.0,1.0,cie,True,75.0,early test
1836,47.0,0.0,cie,True,76.0,early test
1837,47.0,1.0,cie,True,77.0,early test
1838,47.0,1.0,cie,True,78.0,early test
1839,47.0,0.0,cie,True,79.0,early test
1840,47.0,0.0,cie,True,80.0,training
1841,47.0,0.0,cie,True,81.0,training
1842,47.0,1.0,cie,True,82.0,training
1843,47.0,0.0,cie,True,83.0,training
1844,47.0,1.0,cie,True,84.0,training
1845,47.0,1.0,cie,True,85.0,training
1846,47.0,1.0,cie,True,86.0,training
1847,47.0,1.0,cie,True,87.0,training
1848,47.0,1.0,cie,True,88.0,training
1849,47.0,1.0,cie,True,89.0,training
1850,47.0,0.0,cie,True,90.0,training
1851,47.0,1.0,cie,True,91.0,training
1852,47.0,1.0,cie,True,92.0,training
1853,47.0,0.0,cie,True,93.0,training
1854,47.0,1.0,cie,True,94.0,training
1855,47.0,0.0,cie,True,95.0,training
1856,47.0,1.0,cie,True,96.0,training
1857,47.0,1.0,cie,True,97.0,training
1858,47.0,1.0,cie,True,98.0,training
1859,47.0,1.0,cie,True,99.0,training
1860,47.0,1.0,cie,True,100.0,training
1861,47.0,0.0,cie,True,101.0,training
1862,47.0,1.0,cie,True,102.0,training
1863,47.0,1.0,cie,True,103.0,training
1864,47.0,1.0,cie,True,104.0,training
1865,47.0,1.0,cie,True,105.0,training
1866,47.0,0.0,cie,True,106.0,training
1867,47.0,1.0,cie,True,107.0,training
1868,47.0,1.0,cie,True,108.0,training
1869,47.0,1.0,cie,True,109.0,training
1870,47.0,1.0,cie,True,110.0,training
1871,47.0,1.0,cie,True,111.0,training
1872,47.0,1.0,cie,True,112.0,training
1873,47.0,1.0,cie,True,113.0,training
1874,47.0,1.0,cie,True,114.0,training
1875,47.0,1.0,cie,True,115.0,training
1876,47.0,1.0,cie,True,116.0,training
1877,47.0,1.0,cie,True,117.0,training
1878,47.0,1.0,cie,True,118.0,training
1879,47.0,1.0,cie,True,119.0,training
1880,47.0,1.0,cie,True,120.0,training
1881,47.0,1.0,cie,True,121.0,training
1882,47.0,1.0,cie,True,122.0,training
1883,47.0,1.0,cie,True,123.0,training
1884,47.0,1.0,cie,True,124.0,training
1885,47.0,1.0,cie,True,125.0,training
1886,47.0,1.0,cie,True,126.0,training
1887,47.0,1.0,cie,True,127.0,training
1888,47.0,1.0,cie,True,128.0,training
1889,47.0,1.0,cie,True,129.0,training
1890,47.0,1.0,cie,True,130.0,training
1891,47.0,1.0,cie,True,131.0,training
1892,47.0,1.0,cie,True,132.0,training
1893,47.0,1.0,cie,True,133.0,training
1894,47.0,1.0,cie,True,134.0,training
1895,47.0,0.0,cie,False,135.0,training
1896,47.0,0.0,cie,False,136.0,training
1897,47.0,0.0,cie,False,137.0,training
1898,47.0,0.0,cie,False,138.0,training
1899,47.0,0.0,cie,False,139.0,training
1900,47.0,0.0,cie,False,140.0,training
1901,47.0,0.0,cie,False,141.0,training
1902,47.0,0.0,cie,False,142.0,training
1903,47.0,0.0,cie,False,143.0,training
1904,47.0,0.0,cie,False,144.0,training
1905,47.0,0.0,cie,False,145.0,training
1906,47.0,0.0,cie,False,146.0,training
1907,47.0,0.0,cie,False,147.0,training
1908,47.0,0.0,cie,False,148.0,training
1909,47.0,0.0,cie,False,149.0,training
1910,47.0,0.0,cie,False,150.0,training
1911,47.0,0.0,cie,False,151.0,training
1912,47.0,0.0,cie,False,152.0,training
1913,47.0,0.0,cie,False,153.0,training
1914,47.0,0.0,cie,False,154.0,training
1915,47.0,1.0,cie,True,155.0,late test
1916,47.0,1.0,cie,True,156.0,late test
1917,47.0,0.0,cie,True,157.0,late test
1918,47.0,1.0,cie,True,158.0,late test
1919,47.0,1.0,cie,True,159.0,late test
1920,20.0,0.0,cie,True,0.0,training
1921,20.0,0.0,cie,True,1.0,training
1922,20.0,0.0,cie,True,2.0,training
1923,20.0,0.0,cie,True,3.0,training
1924,20.0,1.0,cie,True,4.0,training
1925,20.0,0.0,cie,True,5.0,training
1926,20.0,0.0,cie,True,6.0,training
1927,20.0,1.0,cie,True,7.0,training
1928,20.0,0.0,cie,True,8.0,training
1929,20.0,0.0,cie,True,9.0,training
1930,20.0,0.0,cie,True,10.0,training
1931,20.0,0.0,cie,True,11.0,training
1932,20.0,0.0,cie,True,12.0,training
1933,20.0,0.0,cie,True,13.0,training
1934,20.0,0.0,cie,True,14.0,training
1935,20.0,0.0,cie,True,15.0,training
1936,20.0,0.0,cie,True,16.0,training
1937,20.0,0.0,cie,True,17.0,training
1938,20.0,0.0,cie,True,18.0,training
1939,20.0,0.0,cie,True,19.0,training
1940,20.0,0.0,cie,True,20.0,training
1941,20.0,0.0,cie,True,21.0,training
1942,20.0,0.0,cie,True,22.0,training
1943,20.0,0.0,cie,True,23.0,training
1944,20.0,0.0,cie,True,24.0,training
1945,20.0,0.0,cie,True,25.0,training
1946,20.0,0.0,cie,True,26.0,training
1947,20.0,1.0,cie,True,27.0,training
1948,20.0,1.0,cie,True,28.0,training
1949,20.0,1.0,cie,True,29.0,training
1950,20.0,0.0,cie,True,30.0,training
1951,20.0,0.0,cie,True,31.0,training
1952,20.0,0.0,cie,True,32.0,training
1953,20.0,1.0,cie,True,33.0,training
1954,20.0,0.0,cie,True,34.0,training
1955,20.0,0.0,cie,True,35.0,training
1956,20.0,1.0,cie,True,36.0,training
1957,20.0,1.0,cie,True,37.0,training
1958,20.0,1.0,cie,True,38.0,training
1959,20.0,1.0,cie,True,39.0,training
1960,20.0,1.0,cie,True,40.0,training
1961,20.0,0.0,cie,True,41.0,training
1962,20.0,0.0,cie,True,42.0,training
1963,20.0,1.0,cie,True,43.0,training
1964,20.0,1.0,cie,True,44.0,training
1965,20.0,1.0,cie,True,45.0,training
1966,20.0,1.0,cie,True,46.0,training
1967,20.0,1.0,cie,True,47.0,training
1968,20.0,1.0,cie,True,48.0,training
1969,20.0,1.0,cie,True,49.0,training
1970,20.0,0.0,cie,True,50.0,training
1971,20.0,1.0,cie,True,51.0,training
1972,20.0,1.0,cie,True,52.0,training
1973,20.0,1.0,cie,True,53.0,training
1974,20.0,1.0,cie,True,54.0,training
1975,20.0,0.0,cie,False,55.0,training
1976,20.0,0.0,cie,False,56.0,training
1977,20.0,0.0,cie,False,57.0,training
1978,20.0,0.0,cie,False,58.0,training
1979,20.0,0.0,cie,False,59.0,training
1980,20.0,0.0,cie,False,60.0,training
1981,20.0,0.0,cie,False,61.0,training
1982,20.0,0.0,cie,False,62.0,training
1983,20.0,0.0,cie,False,63.0,training
1984,20.0,0.0,cie,False,64.0,training
1985,20.0,0.0,cie,False,65.0,training
1986,20.0,0.0,cie,False,66.0,training
1987,20.0,0.0,cie,False,67.0,training
1988,20.0,0.0,cie,False,68.0,training
1989,20.0,0.0,cie,False,69.0,training
1990,20.0,0.0,cie,False,70.0,training
1991,20.0,0.0,cie,False,71.0,training
1992,20.0,0.0,cie,False,72.0,training
1993,20.0,0.0,cie,False,73.0,training
1994,20.0,0.0,cie,False,74.0,training
1995,20.0,0.0,cie,True,75.0,early test
1996,20.0,0.0,cie,True,76.0,early test
1997,20.0,1.0,cie,True,77.0,early test
1998,20.0,1.0,cie,True,78.0,early test
1999,20.0,0.0,cie,True,79.0,early test
2000,20.0,0.0,cie,True,80.0,training
2001,20.0,1.0,cie,True,81.0,training
2002,20.0,1.0,cie,True,82.0,training
2003,20.0,1.0,cie,True,83.0,training
2004,20.0,1.0,cie,True,84.0,training
2005,20.0,0.0,cie,True,85.0,training
2006,20.0,0.0,cie,True,86.0,training
2007,20.0,1.0,cie,True,87.0,training
2008,20.0,1.0,cie,True,88.0,training
2009,20.0,1.0,cie,True,89.0,training
2010,20.0,0.0,cie,True,90.0,training
2011,20.0,1.0,cie,True,91.0,training
2012,20.0,0.0,cie,True,92.0,training
2013,20.0,1.0,cie,True,93.0,training
2014,20.0,0.0,cie,True,94.0,training
2015,20.0,0.0,cie,True,95.0,training
2016,20.0,1.0,cie,True,96.0,training
2017,20.0,1.0,cie,True,97.0,training
2018,20.0,1.0,cie,True,98.0,training
2019,20.0,1.0,cie,True,99.0,training
2020,20.0,1.0,cie,True,100.0,training
2021,20.0,0.0,cie,True,101.0,training
2022,20.0,1.0,cie,True,102.0,training
2023,20.0,1.0,cie,True,103.0,training
2024,20.0,1.0,cie,True,104.0,training
2025,20.0,0.0,cie,True,105.0,training
2026,20.0,1.0,cie,True,106.0,training
2027,20.0,1.0,cie,True,107.0,training
2028,20.0,1.0,cie,True,108.0,training
2029,20.0,1.0,cie,True,109.0,training
2030,20.0,0.0,cie,True,110.0,training
2031,20.0,1.0,cie,True,111.0,training
2032,20.0,1.0,cie,True,112.0,training
2033,20.0,1.0,cie,True,113.0,training
2034,20.0,1.0,cie,True,114.0,training
2035,20.0,1.0,cie,True,115.0,training
2036,20.0,1.0,cie,True,116.0,training
2037,20.0,1.0,cie,True,117.0,training
2038,20.0,1.0,cie,True,118.0,training
2039,20.0,1.0,cie,True,119.0,training
2040,20.0,1.0,cie,True,120.0,training
2041,20.0,1.0,cie,True,121.0,training
2042,20.0,1.0,cie,True,122.0,training
2043,20.0,1.0,cie,True,123.0,training
2044,20.0,1.0,cie,True,124.0,training
2045,20.0,1.0,cie,True,125.0,training
2046,20.0,1.0,cie,True,126.0,training
2047,20.0,1.0,cie,True,127.0,training
2048,20.0,1.0,cie,True,128.0,training
2049,20.0,1.0,cie,True,129.0,training
2050,20.0,0.0,cie,True,130.0,training
2051,20.0,1.0,cie,True,131.0,training
2052,20.0,1.0,cie,True,132.0,training
2053,20.0,1.0,cie,True,133.0,training
2054,20.0,1.0,cie,True,134.0,training
2055,20.0,1.0,cie,True,135.0,training
2056,20.0,1.0,cie,True,136.0,training
2057,20.0,1.0,cie,True,137.0,training
2058,20.0,1.0,cie,True,138.0,training
2059,20.0,1.0,cie,True,139.0,training
2060,20.0,1.0,cie,True,140.0,training
2061,20.0,1.0,cie,True,141.0,training
2062,20.0,1.0,cie,True,142.0,training
2063,20.0,1.0,cie,True,143.0,training
2064,20.0,1.0,cie,True,144.0,training
2065,20.0,0.0,cie,False,145.0,training
2066,20.0,0.0,cie,False,146.0,training
2067,20.0,0.0,cie,False,147.0,training
2068,20.0,0.0,cie,False,148.0,training
2069,20.0,0.0,cie,False,149.0,training
2070,20.0,0.0,cie,False,150.0,training
2071,20.0,0.0,cie,False,151.0,training
2072,20.0,0.0,cie,False,152.0,training
2073,20.0,0.0,cie,False,153.0,training
2074,20.0,0.0,cie,False,154.0,training
2075,20.0,1.0,cie,True,155.0,late test
2076,20.0,0.0,cie,True,156.0,late test
2077,20.0,0.0,cie,True,157.0,late test
2078,20.0,1.0,cie,True,158.0,late test
2079,20.0,0.0,cie,True,159.0,late test
2080,38.0,0.0,cie,True,0.0,training
2081,38.0,0.0,cie,True,1.0,training
2082,38.0,1.0,cie,True,2.0,training
2083,38.0,0.0,cie,True,3.0,training
2084,38.0,0.0,cie,True,4.0,training
2085,38.0,0.0,cie,True,5.0,training
2086,38.0,0.0,cie,True,6.0,training
2087,38.0,0.0,cie,True,7.0,training
2088,38.0,1.0,cie,True,8.0,training
2089,38.0,1.0,cie,True,9.0,training
2090,38.0,0.0,cie,True,10.0,training
2091,38.0,0.0,cie,True,11.0,training
2092,38.0,1.0,cie,True,12.0,training
2093,38.0,0.0,cie,True,13.0,training
2094,38.0,1.0,cie,True,14.0,training
2095,38.0,0.0,cie,True,15.0,training
2096,38.0,0.0,cie,True,16.0,training
2097,38.0,0.0,cie,True,17.0,training
2098,38.0,1.0,cie,True,18.0,training
2099,38.0,1.0,cie,True,19.0,training
2100,38.0,0.0,cie,True,20.0,training
2101,38.0,0.0,cie,True,21.0,training
2102,38.0,1.0,cie,True,22.0,training
2103,38.0,1.0,cie,True,23.0,training
2104,38.0,0.0,cie,True,24.0,training
2105,38.0,1.0,cie,True,25.0,training
2106,38.0,1.0,cie,True,26.0,training
2107,38.0,0.0,cie,True,27.0,training
2108,38.0,0.0,cie,True,28.0,training
2109,38.0,0.0,cie,True,29.0,training
2110,38.0,1.0,cie,True,30.0,training
2111,38.0,0.0,cie,True,31.0,training
2112,38.0,1.0,cie,True,32.0,training
2113,38.0,1.0,cie,True,33.0,training
2114,38.0,0.0,cie,True,34.0,training
2115,38.0,0.0,cie,True,35.0,training
2116,38.0,1.0,cie,True,36.0,training
2117,38.0,0.0,cie,True,37.0,training
2118,38.0,0.0,cie,True,38.0,training
2119,38.0,0.0,cie,True,39.0,training
2120,38.0,1.0,cie,True,40.0,training
2121,38.0,0.0,cie,True,41.0,training
2122,38.0,0.0,cie,True,42.0,training
2123,38.0,1.0,cie,True,43.0,training
2124,38.0,0.0,cie,True,44.0,training
2125,38.0,1.0,cie,True,45.0,training
2126,38.0,1.0,cie,True,46.0,training
2127,38.0,0.0,cie,True,47.0,training
2128,38.0,1.0,cie,True,48.0,training
2129,38.0,1.0,cie,True,49.0,training
2130,38.0,0.0,cie,True,50.0,training
2131,38.0,1.0,cie,True,51.0,training
2132,38.0,0.0,cie,True,52.0,training
2133,38.0,0.0,cie,True,53.0,training
2134,38.0,1.0,cie,True,54.0,training
2135,38.0,0.0,cie,True,55.0,training
2136,38.0,1.0,cie,True,56.0,training
2137,38.0,1.0,cie,True,57.0,training
2138,38.0,1.0,cie,True,58.0,training
2139,38.0,1.0,cie,True,59.0,training
2140,38.0,1.0,cie,True,60.0,training
2141,38.0,0.0,cie,True,61.0,training
2142,38.0,1.0,cie,True,62.0,training
2143,38.0,1.0,cie,True,63.0,training
2144,38.0,1.0,cie,True,64.0,training
2145,38.0,0.0,cie,False,65.0,training
2146,38.0,0.0,cie,False,66.0,training
2147,38.0,0.0,cie,False,67.0,training
2148,38.0,0.0,cie,False,68.0,training
2149,38.0,0.0,cie,False,69.0,training
2150,38.0,0.0,cie,False,70.0,training
2151,38.0,0.0,cie,False,71.0,training
2152,38.0,0.0,cie,False,72.0,training
2153,38.0,0.0,cie,False,73.0,training
2154,38.0,0.0,cie,False,74.0,training
2155,38.0,0.0,cie,True,75.0,early test
2156,38.0,0.0,cie,True,76.0,early test
2157,38.0,1.0,cie,True,77.0,early test
2158,38.0,1.0,cie,True,78.0,early test
2159,38.0,1.0,cie,True,79.0,early test
2160,38.0,1.0,cie,True,80.0,training
2161,38.0,0.0,cie,True,81.0,training
2162,38.0,0.0,cie,True,82.0,training
2163,38.0,1.0,cie,True,83.0,training
2164,38.0,1.0,cie,True,84.0,training
2165,38.0,1.0,cie,True,85.0,training
2166,38.0,1.0,cie,True,86.0,training
2167,38.0,0.0,cie,True,87.0,training
2168,38.0,1.0,cie,True,88.0,training
2169,38.0,1.0,cie,True,89.0,training
2170,38.0,0.0,cie,True,90.0,training
2171,38.0,1.0,cie,True,91.0,training
2172,38.0,1.0,cie,True,92.0,training
2173,38.0,1.0,cie,True,93.0,training
2174,38.0,1.0,cie,True,94.0,training
2175,38.0,1.0,cie,True,95.0,training
2176,38.0,1.0,cie,True,96.0,training
2177,38.0,1.0,cie,True,97.0,training
2178,38.0,1.0,cie,True,98.0,training
2179,38.0,1.0,cie,True,99.0,training
2180,38.0,1.0,cie,True,100.0,training
2181,38.0,1.0,cie,True,101.0,training
2182,38.0,1.0,cie,True,102.0,training
2183,38.0,1.0,cie,True,103.0,training
2184,38.0,1.0,cie,True,104.0,training
2185,38.0,1.0,cie,True,105.0,training
2186,38.0,1.0,cie,True,106.0,training
2187,38.0,1.0,cie,True,107.0,training
2188,38.0,1.0,cie,True,108.0,training
2189,38.0,1.0,cie,True,109.0,training
2190,38.0,1.0,cie,True,110.0,training
2191,38.0,1.0,cie,True,111.0,training
2192,38.0,1.0,cie,True,112.0,training
2193,38.0,1.0,cie,True,113.0,training
2194,38.0,1.0,cie,True,114.0,training
2195,38.0,1.0,cie,True,115.0,training
2196,38.0,1.0,cie,True,116.0,training
2197,38.0,1.0,cie,True,117.0,training
2198,38.0,1.0,cie,True,118.0,training
2199,38.0,1.0,cie,True,119.0,training
2200,38.0,1.0,cie,True,120.0,training
2201,38.0,1.0,cie,True,121.0,training
2202,38.0,1.0,cie,True,122.0,training
2203,38.0,1.0,cie,True,123.0,training
2204,38.0,0.0,cie,True,124.0,training
2205,38.0,1.0,cie,True,125.0,training
2206,38.0,1.0,cie,True,126.0,training
2207,38.0,1.0,cie,True,127.0,training
2208,38.0,1.0,cie,True,128.0,training
2209,38.0,1.0,cie,True,129.0,training
2210,38.0,0.0,cie,True,130.0,training
2211,38.0,1.0,cie,True,131.0,training
2212,38.0,1.0,cie,True,132.0,training
2213,38.0,1.0,cie,True,133.0,training
2214,38.0,1.0,cie,True,134.0,training
2215,38.0,0.0,cie,False,135.0,training
2216,38.0,0.0,cie,False,136.0,training
2217,38.0,0.0,cie,False,137.0,training
2218,38.0,0.0,cie,False,138.0,training
2219,38.0,0.0,cie,False,139.0,training
2220,38.0,0.0,cie,False,140.0,training
2221,38.0,0.0,cie,False,141.0,training
2222,38.0,0.0,cie,False,142.0,training
2223,38.0,0.0,cie,False,143.0,training
2224,38.0,0.0,cie,False,144.0,training
2225,38.0,0.0,cie,False,145.0,training
2226,38.0,0.0,cie,False,146.0,training
2227,38.0,0.0,cie,False,147.0,training
2228,38.0,0.0,cie,False,148.0,training
2229,38.0,0.0,cie,False,149.0,training
2230,38.0,0.0,cie,False,150.0,training
2231,38.0,0.0,cie,False,151.0,training
2232,38.0,0.0,cie,False,152.0,training
2233,38.0,0.0,cie,False,153.0,training
2234,38.0,0.0,cie,False,154.0,training
2235,38.0,1.0,cie,True,155.0,late test
2236,38.0,1.0,cie,True,156.0,late test
2237,38.0,0.0,cie,True,157.0,late test
2238,38.0,1.0,cie,True,158.0,late test
2239,38.0,1.0,cie,True,159.0,late test
2240,39.0,0.0,cie,True,0.0,training
2241,39.0,0.0,cie,True,1.0,training
2242,39.0,1.0,cie,True,2.0,training
2243,39.0,1.0,cie,True,3.0,training
2244,39.0,0.0,cie,True,4.0,training
2245,39.0,0.0,cie,True,5.0,training
2246,39.0,0.0,cie,True,6.0,training
2247,39.0,1.0,cie,True,7.0,training
2248,39.0,1.0,cie,True,8.0,training
2249,39.0,1.0,cie,True,9.0,training
2250,39.0,0.0,cie,True,10.0,training
2251,39.0,1.0,cie,True,11.0,training
2252,39.0,0.0,cie,True,12.0,training
2253,39.0,1.0,cie,True,13.0,training
2254,39.0,0.0,cie,True,14.0,training
2255,39.0,0.0,cie,True,15.0,training
2256,39.0,1.0,cie,True,16.0,training
2257,39.0,1.0,cie,True,17.0,training
2258,39.0,1.0,cie,True,18.0,training
2259,39.0,1.0,cie,True,19.0,training
2260,39.0,0.0,cie,True,20.0,training
2261,39.0,1.0,cie,True,21.0,training
2262,39.0,1.0,cie,True,22.0,training
2263,39.0,1.0,cie,True,23.0,training
2264,39.0,1.0,cie,True,24.0,training
2265,39.0,0.0,cie,False,25.0,training
2266,39.0,0.0,cie,False,26.0,training
2267,39.0,0.0,cie,False,27.0,training
2268,39.0,0.0,cie,False,28.0,training
2269,39.0,0.0,cie,False,29.0,training
2270,39.0,0.0,cie,False,30.0,training
2271,39.0,0.0,cie,False,31.0,training
2272,39.0,0.0,cie,False,32.0,training
2273,39.0,0.0,cie,False,33.0,training
2274,39.0,0.0,cie,False,34.0,training
2275,39.0,0.0,cie,False,35.0,training
2276,39.0,0.0,cie,False,36.0,training
2277,39.0,0.0,cie,False,37.0,training
2278,39.0,0.0,cie,False,38.0,training
2279,39.0,0.0,cie,False,39.0,training
2280,39.0,0.0,cie,False,40.0,training
2281,39.0,0.0,cie,False,41.0,training
2282,39.0,0.0,cie,False,42.0,training
2283,39.0,0.0,cie,False,43.0,training
2284,39.0,0.0,cie,False,44.0,training
2285,39.0,0.0,cie,False,45.0,training
2286,39.0,0.0,cie,False,46.0,training
2287,39.0,0.0,cie,False,47.0,training
2288,39.0,0.0,cie,False,48.0,training
2289,39.0,0.0,cie,False,49.0,training
2290,39.0,0.0,cie,False,50.0,training
2291,39.0,0.0,cie,False,51.0,training
2292,39.0,0.0,cie,False,52.0,training
2293,39.0,0.0,cie,False,53.0,training
2294,39.0,0.0,cie,False,54.0,training
2295,39.0,0.0,cie,False,55.0,training
2296,39.0,0.0,cie,False,56.0,training
2297,39.0,0.0,cie,False,57.0,training
2298,39.0,0.0,cie,False,58.0,training
2299,39.0,0.0,cie,False,59.0,training
2300,39.0,0.0,cie,False,60.0,training
2301,39.0,0.0,cie,False,61.0,training
2302,39.0,0.0,cie,False,62.0,training
2303,39.0,0.0,cie,False,63.0,training
2304,39.0,0.0,cie,False,64.0,training
2305,39.0,0.0,cie,False,65.0,training
2306,39.0,0.0,cie,False,66.0,training
2307,39.0,0.0,cie,False,67.0,training
2308,39.0,0.0,cie,False,68.0,training
2309,39.0,0.0,cie,False,69.0,training
2310,39.0,0.0,cie,False,70.0,training
2311,39.0,0.0,cie,False,71.0,training
2312,39.0,0.0,cie,False,72.0,training
2313,39.0,0.0,cie,False,73.0,training
2314,39.0,0.0,cie,False,74.0,training
2315,39.0,0.0,cie,True,75.0,early test
2316,39.0,0.0,cie,True,76.0,early test
2317,39.0,0.0,cie,True,77.0,early test
2318,39.0,1.0,cie,True,78.0,early test
2319,39.0,1.0,cie,True,79.0,early test
2320,39.0,1.0,cie,True,80.0,training
2321,39.0,1.0,cie,True,81.0,training
2322,39.0,1.0,cie,True,82.0,training
2323,39.0,1.0,cie,True,83.0,training
2324,39.0,1.0,cie,True,84.0,training
2325,39.0,1.0,cie,True,85.0,training
2326,39.0,1.0,cie,True,86.0,training
2327,39.0,1.0,cie,True,87.0,training
2328,39.0,0.0,cie,True,88.0,training
2329,39.0,1.0,cie,True,89.0,training
2330,39.0,1.0,cie,True,90.0,training
2331,39.0,1.0,cie,True,91.0,training
2332,39.0,1.0,cie,True,92.0,training
2333,39.0,1.0,cie,True,93.0,training
2334,39.0,1.0,cie,True,94.0,training
2335,39.0,1.0,cie,True,95.0,training
2336,39.0,1.0,cie,True,96.0,training
2337,39.0,1.0,cie,True,97.0,training
2338,39.0,1.0,cie,True,98.0,training
2339,39.0,1.0,cie,True,99.0,training
2340,39.0,1.0,cie,True,100.0,training
2341,39.0,1.0,cie,True,101.0,training
2342,39.0,1.0,cie,True,102.0,training
2343,39.0,1.0,cie,True,103.0,training
2344,39.0,0.0,cie,True,104.0,training
2345,39.0,1.0,cie,True,105.0,training
2346,39.0,1.0,cie,True,106.0,training
2347,39.0,1.0,cie,True,107.0,training
2348,39.0,1.0,cie,True,108.0,training
2349,39.0,1.0,cie,True,109.0,training
2350,39.0,1.0,cie,True,110.0,training
2351,39.0,1.0,cie,True,111.0,training
2352,39.0,1.0,cie,True,112.0,training
2353,39.0,1.0,cie,True,113.0,training
2354,39.0,1.0,cie,True,114.0,training
2355,39.0,1.0,cie,True,115.0,training
2356,39.0,1.0,cie,True,116.0,training
2357,39.0,1.0,cie,True,117.0,training
2358,39.0,1.0,cie,True,118.0,training
2359,39.0,1.0,cie,True,119.0,training
2360,39.0,1.0,cie,True,120.0,training
2361,39.0,1.0,cie,True,121.0,training
2362,39.0,1.0,cie,True,122.0,training
2363,39.0,1.0,cie,True,123.0,training
2364,39.0,1.0,cie,True,124.0,training
2365,39.0,1.0,cie,True,125.0,training
2366,39.0,1.0,cie,True,126.0,training
2367,39.0,1.0,cie,True,127.0,training
2368,39.0,1.0,cie,True,128.0,training
2369,39.0,1.0,cie,True,129.0,training
2370,39.0,1.0,cie,True,130.0,training
2371,39.0,1.0,cie,True,131.0,training
2372,39.0,1.0,cie,True,132.0,training
2373,39.0,1.0,cie,True,133.0,training
2374,39.0,1.0,cie,True,134.0,training
2375,39.0,0.0,cie,False,135.0,training
2376,39.0,0.0,cie,False,136.0,training
2377,39.0,0.0,cie,False,137.0,training
2378,39.0,0.0,cie,False,138.0,training
2379,39.0,0.0,cie,False,139.0,training
2380,39.0,0.0,cie,False,140.0,training
2381,39.0,0.0,cie,False,141.0,training
2382,39.0,0.0,cie,False,142.0,training
2383,39.0,0.0,cie,False,143.0,training
2384,39.0,0.0,cie,False,144.0,training
2385,39.0,0.0,cie,False,145.0,training
2386,39.0,0.0,cie,False,146.0,training
2387,39.0,0.0,cie,False,147.0,training
2388,39.0,0.0,cie,False,148.0,training
2389,39.0,0.0,cie,False,149.0,training
2390,39.0,0.0,cie,False,150.0,training
2391,39.0,0.0,cie,False,151.0,training
2392,39.0,0.0,cie,False,152.0,training
2393,39.0,0.0,cie,False,153.0,training
2394,39.0,0.0,cie,False,154.0,training
2395,39.0,0.0,cie,True,155.0,late test
2396,39.0,0.0,cie,True,156.0,late test
2397,39.0,1.0,cie,True,157.0,late test
2398,39.0,0.0,cie,True,158.0,late test
2399,39.0,1.0,cie,True,159.0,late test
